"Key","Item Type","Publication Year","Author","Title","Publication Title","ISBN","ISSN","DOI","Url","Abstract Note","Date","Date Added","Date Modified","Access Date","Pages","Num Pages","Issue","Volume","Number Of Volumes","Journal Abbreviation","Short Title","Series","Series Number","Series Text","Series Title","Publisher","Place","Language","Rights","Type","Archive","Archive Location","Library Catalog","Call Number","Extra","Notes","File Attachments","Link Attachments","Manual Tags","Automatic Tags","Editor","Series Editor","Translator","Contributor","Attorney Agent","Book Author","Cast Member","Commenter","Composer","Cosponsor","Counsel","Interviewer","Producer","Recipient","Reviewed Author","Scriptwriter","Words By","Guest","Number","Edition","Running Time","Scale","Medium","Artwork Size","Filing Date","Application Number","Assignee","Issuing Authority","Country","Meeting Name","Conference Name","Court","References","Reporter","Legal Status","Priority Numbers","Programming Language","Version","System","Code","Code Number","Section","Session","Committee","History","Legislative Body"
"A9V8UN33","journalArticle","2019","Chaikovska, Iryna; Apyan, Armen; Chehab, Robert; Enomoto, Yoshinori; Faus-Golfe, Angeles; Furukawa, Kazuro; Han, Yanliang; Kamitani, Takuya; Martyshkin, Pavel; Miyahara, Fusashi; Ogur, Salim; Oide, Katsunobu; Papaphilippou, Yannis; Rinolfi, Louis; Satoh, Masanori; Seimiya, Yuji; Sievers, Peter; Suwada, Tsuyoshi; Zimmermann, Frank","Positron Source for FCC-ee","Proceedings of the 10th Int. Particle Accelerator Conf.","","","10.18429/JACOW-IPAC2019-MOPMP003","http://jacow.org/ipac2019/doi/JACoW-IPAC2019-MOPMP003.html","The FCC-ee is a high-luminosity, high-precision circular collider to be constructed in a new 100 km tunnel in the Geneva area. The physics case is well established and the FCC-ee operation is foreseen at 91 GeV (Z-pole), 160 GeV (W pair production threshold), 240 GeV (Higgs resonance) and 365 GeV (tt¯ threshold). Due to the large 6D production emittance and important thermal load in the production target, the positron injector, in particular the positron source, is one of the key elements of the FCC-ee, requiring special attention. To ensure high reliability of the positron source, conventional and hybrid targets are currently under study. The ﬁnal choice of the positron target will be made based on the estimated performances. In this framework, we present a preliminary design of the FCC-ee positron source, with detailed simulation studies of positron production, capture and primary acceleration.","2019","2026-04-16 10:01:32","2026-04-16 10:01:32","2026-04-16 10:01:32","4 pages, 1.191 MB","","","IPAC2019","","","","","","","","JACoW Publishing, Geneva, Switzerland","","en","CC 3.0","","","","DOI.org (Datacite)","","Artwork Size: 4 pages, 1.191 MB ISBN: 9783954502080 Medium: PDF","","/Users/maddiewatson/Zotero/storage/3P455CE6/Chaikovska et al. - 2019 - Positron Source for FCC-ee.pdf","","","Accelerator Physics; MC1: Circular and Linear Colliders","Mark (Ed.), Boland; Hitoshi (Ed.), Tanaka; David (Ed.), Button; Rohan (Ed.), Dowd; RW (Ed.), Schaa, Volker; Eugene (Ed.), Tan","","","","","","","","","","","","","","","","","","","","","","","","","","","","","","","","","","","","","","","","","","","","",""
"3XJTL688","thesis","2001","Berglund, G. Z. M.; Deutsches Elektronen-Synchrotron (DESY), Hamburg (Germany); Royal Inst. of Tech., Stockholm (Sweden)","Spin-orbit maps and electron spin dynamics for the luminosity upgrade project at HERA","","","1435-8085","","https://inis.iaea.org/records/0v4zt-5k220","HERA is the high energy electron(positron)-proton collider at deutsches elektronen-synchrotron (DESY) in Hamburg. Following eight years of successful running, five of which were with a longitudinally spin polarized electron(positron) beam for the HERMES experiment, the rings have now been modified to increase the luminosity by a factor of about five and spin rotators have been installed for the H1 and ZEUS experiments. The modifications involve nonstandard configurations of overlapping magnetic fields and other aspects which have profound implications for the polarization. This thesis addresses the problem of calculating the polarization in the upgraded machine and the measures needed to maintain the polarization. A central topic is the construction of realistic spin-orbit transport maps for the regions of overlapping fields and their implementation in existing software. This is the first time that calculations with such fields have been possible. Using the upgraded software, calculations are presented for the polarization that can be expected in the upgraded machine and an analysis is made of the contributions to depolarization from the various parts of the machine. It is concluded that about 50% polarization should be possible. The key issues for tuning the machine are discussed. The last chapter deals with a separate topic, namely how to exploit a simple unitary model of spin motion to describe electron depolarization and thereby expose a misconception appearing in the literature. (orig.)","2001-09","2026-04-16 13:18:12","2026-04-16 13:20:26","2026-04-16 13:18:12","","","","","","","","","","","","Deutsches Elektronen-Synchrotron (DESY), Hamburg (Germany)","","English","","","","","inis.iaea.org","","","","/Users/maddiewatson/Zotero/storage/LQI2DLUP/0v4zt-5k220.html","","","","","","","","","","","","","","","","","","","","","","","","","","","","","","","","","","","","","","","","","","","","","","","","",""
"K5GNLGDI","preprint","2014","Wolski, Andrzej","Low-emittance storage rings","","","","10.5170/CERN-2014-009.245","http://arxiv.org/abs/1507.02213","The effects of synchrotron radiation on particle motion in storage rings are discussed. In the absence of radiation, particle motion is symplectic, and the beam emittances are conserved. The inclusion of radiation effects in a classical approximation leads to emittance damping: expressions for the damping times are derived. Then, it is shown that quantum radiation effects lead to excitation of the beam emittances. General expressions for the equilibrium longitudinal and horizontal (natural) emittances are derived. The impact of lattice design on the natural emittance is discussed, with particular attention to the special cases of FODO, achromat, and TME style lattices. Finally, the effects of betatron coupling and vertical dispersion (generated by magnet alignment and lattice tuning errors) on the vertical emittance are considered.","2014","2026-04-16 13:22:25","2026-04-16 13:22:25","2026-04-16 13:22:25","","","","","","","","","","","","","","","","","","","arXiv.org","","arXiv:1507.02213 [physics]","","/Users/maddiewatson/Zotero/storage/ZWIA2LRY/Wolski - 2014 - Low-emittance storage rings.pdf; /Users/maddiewatson/Zotero/storage/CXHBN5Q8/1507.html","","","Physics - Accelerator Physics","","","","","","","","","","","","","","","","","","","","","","","","","","","","","","","","","","","","","","","","","","","","","",""
"MCCJ9LI5","report","1970","USDOE Office of Science (SC); SLAC National Accelerator Laboratory (SLAC), Menlo Park, CA (United States); Sands, Matthew.","The Physics of Electron Storage Rings: An Introduction","","","","10.2172/1453884","https://www.osti.gov/biblio/1453884","","1970-11-01","2026-04-16 13:23:23","2026-04-16 13:23:23","2026-04-16 13:23:23","SLAC-R-121, 1453884","","","","","","The Physics of Electron Storage Rings","","","","","","","en","","","","","DOI.org (Crossref)","","","","/Users/maddiewatson/Zotero/storage/5QEKKSN5/USDOE Office of Science (SC) et al. - 1970 - The Physics of Electron Storage Rings An Introduction.pdf","","","","","","","","","","","","","","","","","","","","","","SLAC-R-121, 1453884","","","","","","","","","","","","","","","","","","","","","","","","","","",""
"4KKKYFDC","book","2023","","Polarized Beam Dynamics and Instrumentation in Particle Accelerators: USPAS Summer 2021 Spin Class Lectures","","978-3-031-16714-0 978-3-031-16715-7","","10.1007/978-3-031-16715-7","https://link.springer.com/10.1007/978-3-031-16715-7","","2023","2026-04-16 13:24:29","2026-04-16 13:24:29","2026-04-16 13:24:29","","","","","","","Polarized Beam Dynamics and Instrumentation in Particle Accelerators","Particle Acceleration and Detection","","","","Springer International Publishing","Cham","en","https://creativecommons.org/licenses/by/4.0","","","","DOI.org (Crossref)","","","","/Users/maddiewatson/Zotero/storage/VZA9ZJ72/Méot et al. - 2023 - Polarized Beam Dynamics and Instrumentation in Particle Accelerators USPAS Summer 2021 Spin Class L.pdf","","","","Méot, François; Huang, Haixin; Ptitsyn, Vadim; Lin, Fanglei","","","","","","","","","","","","","","","","","","","","","","","","","","","","","","","","","","","","","","","","","","","","",""
"9AA545Z7","report","2025","Benedikt, Michael; Bartmann, Wolfgang; Burnet, Jean-Paul; Carli, Christian; Chance, Antoine; Craievich, Paolo; Giovannozzi, Massimo; Grojean, Christophe; Gutleber, Johannes; Hanke, Klaus; Henriques, Andre; Janot, Patrick; Lourenco, Carlos; Mangano, Michelangelo; Otto, Thomas; Poole, John Howard; Rajagopalan, Srini; Raubenheimer, Tor; Todesco, Ezio; Ulrici, Luisa; Watson, Timothy Paul; Wilkinson, Guy; Zimmermann, Frank","Future Circular Collider Feasibility Study Report Volume 2: Accelerators, technical infrastructure and safety","","","","10.17181/CERN.EBAY.7W4X","http://cds.cern.ch/record/2928793","In response to the 2020 Update of the European Strategy for Particle Physics, the Future Circular Collider (FCC) Feasibility Study was launched as an international collaboration hosted by CERN. The FCC ‘integrated programme’, described in this report, in a first stage consists of a highest-luminosity electron-positron collider, FCC-ee, serving as Higgs, top and electroweak factory, with a subsequent energy-frontier proton-proton collider, FCC-hh, as the second stage.     The FCC-ee is designed to operate at four baseline centre-of-mass energies, corresponding to the Z pole, the WW pair production threshold, the ZH production peak, and the top/anti-top production threshold, always delivering the highest possible luminosities to four experiments. Over a span of 15 years, FCC-ee will produce more than 6 trillion Z bosons, 200 million WW pairs, almost 3 million Higgs bosons,  and 2 million top anti-top pairs. On the Z pole and at the WW pair threshold, the collision energy can be precisely calibrated by frequent resonant depolarisation of pilot bunches. The sequence of operation modes and beam energies is flexible, between the Z, WW and ZH substages. The hadron collider, FCC-hh, will operate at a centre-of-mass energy of about 85 TeV, extending the energy frontier by almost an order of magnitude compared with the LHC, and providing integrated luminosity 5-10 times higher than that of the upcoming High-Luminosity LHC. The mass reach for direct discovery at the FCC-hh amounts to several tens of TeV. The FCC-hh can also accommodate ion-ion, ion-hadron, and lepton-hadron collision options.   This second volume of the Feasibility Study Report covers the complete design of the FCC-ee collider, the operation and staging concepts, the design of the full-energy booster and of the FCC-ee injector complex, the accelerator technologies required, safety concepts, and technical infrastructures,  along with the design of the FCC-hh hadron collider, the associated high-field magnet developments, hadron injector options, and FCC-hh key technical systems.","2025","2026-04-16 13:25:52","2026-04-16 13:25:52","2026-04-16 13:25:52","","","","","","","Future Circular Collider Feasibility Study Report Volume 2","","","","","CERN Document Server","","en","","","","","DOI.org (Datacite)","","","","/Users/maddiewatson/Zotero/storage/YZVWSJ3X/Benedikt et al. - 2025 - Future Circular Collider Feasibility Study Report Volume 2 Accelerators, technical infrastructure a.pdf","","","lepton collider","","","","","","","","","","","","","","","","","","","","","","","","","","","","","","","","","","","","","","","","","","","","","",""
"78DQ4DH8","preprint","2012","Jensen, E.","Cavity basics","","","","10.48550/arXiv.1201.3202","http://arxiv.org/abs/1201.3202","The fields in rectangular and circular waveguides are derived from Maxwell's equations by superposition of plane waves. Subsequently the results are applied to explain cavity modes. Interaction of the cavity modes with a charged particle beam leads to the fundamental parameters used to describe the performance of accelerating cavities. Finally an introduction to multi-gap cavities is given by the example of travelling-wave structures.","2012-01-16","2026-04-16 13:27:02","2026-04-16 13:27:02","2026-04-16 13:27:02","","","","","","","","","","","","arXiv","","","","","","","arXiv.org","","arXiv:1201.3202 [physics]","","/Users/maddiewatson/Zotero/storage/PDYDBSM8/Jensen - 2012 - Cavity basics.pdf; /Users/maddiewatson/Zotero/storage/C2T8J3A9/1201.html","","","Physics - Accelerator Physics","","","","","","","","","","","","","","","","","","","arXiv:1201.3202","","","","","","","","","","","","","","","","","","","","","","","","","","",""
"WFZZGH2Z","journalArticle","1990","Yoshida, Haruo","Construction of higher order symplectic integrators","Physics Letters A","","03759601","10.1016/0375-9601(90)90092-3","https://linkinghub.elsevier.com/retrieve/pii/0375960190900923","","1990-11","2026-04-16 13:27:38","2026-04-16 13:27:38","2026-04-16 13:27:38","262-268","","5-7","150","","Physics Letters A","","","","","","","","en","","","","","DOI.org (Crossref)","","","","/Users/maddiewatson/Zotero/storage/T24YBXR6/Yoshida - 1990 - Construction of higher order symplectic integrators.pdf","","","","","","","","","","","","","","","","","","","","","","","","","","","","","","","","","","","","","","","","","","","","","","","","",""
"HD8U7I2J","conferencePaper","2007","Montag, C.; Bengtsson, J.; Nash, B.","Touschek lifetime calculations and simulations for NSLS-II","2007 IEEE Particle Accelerator Conference (PAC)","978-1-4244-0916-7","","10.1109/PAC.2007.4440106","http://ieeexplore.ieee.org/document/4440106/","The beam lifetime in most medium energy synchrotron radiation sources is limited by the Touschek effect, which describes the momentum transfer from the transverse into the longitudinal direction due to binary collisions between electrons. While an analytical formula exists to calculate the resulting lifetime, the actual momentum acceptance necessary to perform this calculation can only be determined by tracking. This is especially the case in the presence of small vertical apertures at insertion devices. In this case, nonlinear betatron coupling leads to beam losses at these vertical aperture restrictions. In addition, a realistic model of the storage ring is necessary for calculation of equilibrium beam sizes (particularly in the vertical direction) which are important for a self-consistent lifetime calculation.","2007","2026-04-16 13:28:15","2026-04-16 13:28:15","2026-04-16 13:28:15","4375-4377","","","","","","","","","","","IEEE","Albuquerque, NM","en","","","","","DOI.org (Crossref)","","","","/Users/maddiewatson/Zotero/storage/4PZHX2NN/Montag et al. - 2007 - Touschek lifetime calculations and simulations for NSLS-II.pdf","","","","","","","","","","","","","","","","","","","","","","","","","","","","","","","","","","2007 IEEE Particle Accelerator Conference (PAC)","","","","","","","","","","","","","","",""
"GSXPSIQQ","preprint","1999","Piwinski, A.","The Touschek Effect in Strong Focusing Storage Rings","","","","10.48550/arXiv.physics/9903034","http://arxiv.org/abs/physics/9903034","The lifetime of a stored beam due to the Touschek effect is calculated for arbitrary ratios of beam height to beam width. A variation of the beam envelopes is taken into account, i.e. the derivatives of the horizontal and vertical amplitude functions and dispersions are included. The calculation is done for arbitrary energies in the rest frame of the colliding particles.","1999-03-22","2026-04-16 13:28:55","2026-04-16 13:28:55","2026-04-16 13:28:55","","","","","","","","","","","","arXiv","","","","","","","arXiv.org","","arXiv:physics/9903034","","/Users/maddiewatson/Zotero/storage/BP3F8UU9/Piwinski - 1999 - The Touschek Effect in Strong Focusing Storage Rings.pdf; /Users/maddiewatson/Zotero/storage/CNLFKW3J/9903034.html","","","Physics - Accelerator Physics; Physics - Classical Physics","","","","","","","","","","","","","","","","","","","arXiv:physics/9903034","","","","","","","","","","","","","","","","","","","","","","","","","","",""
"UJM4GLV4","journalArticle","2010","Xiao, Aimin; Borland, Michael","Monte Carlo simulation of Touschek effect","Physical Review Special Topics - Accelerators and Beams","","1098-4402","10.1103/PhysRevSTAB.13.074201","https://link.aps.org/doi/10.1103/PhysRevSTAB.13.074201","","2010-07-30","2026-04-16 13:29:29","2026-04-16 13:29:29","2026-04-16 13:29:29","074201","","7","13","","Phys. Rev. ST Accel. Beams","","","","","","","","en","http://creativecommons.org/licenses/by/3.0/","","","","DOI.org (Crossref)","","","","/Users/maddiewatson/Zotero/storage/TH82HLNV/Xiao and Borland - 2010 - Monte Carlo simulation of Touschek effect.pdf","","","","","","","","","","","","","","","","","","","","","","","","","","","","","","","","","","","","","","","","","","","","","","","","",""
"AJITRS9S","conferencePaper","2003","Laskar, J.","Frequency map analysis and particle accelerators","Proceedings of the 2003 Bipolar/BiCMOS Circuits and Technology Meeting (IEEE Cat. No.03CH37440)","978-0-7803-7738-7","","10.1109/PAC.2003.1288929","http://ieeexplore.ieee.org/document/1288929/","The development of frequency map analysis in particle accelerators is reviewed. In many examples, the frequency map is folded at large amplitudes. The fold is a singularity in the frequency map that induces a change of the signature of the torsion. When the torsion is non deﬁnite, the dynamical behavior of the beam needs to be studied very precisely, as directions of fast escape may occur.","2003","2026-04-16 13:30:08","2026-04-16 13:30:08","2026-04-16 13:30:08","378-382","","","","","","","","","","","IEEE","Portland, OR, USA","en","","","","","DOI.org (Crossref)","","","","/Users/maddiewatson/Zotero/storage/RZCVB22X/Laskar - 2003 - Frequency map analysis and particle accelerators.pdf","","","","","","","","","","","","","","","","","","","","","","","","","","","","","","","","","","2003 Particle Accelerator Conference","","","","","","","","","","","","","","",""
"HBMVHTET","journalArticle","2024","Zampetakis, M.; Antoniou, F.; Asvesta, F.; Bartosik, H.; Papaphilippou, Y.","Interplay of space charge, intrabeam scattering, and synchrotron radiation in the Compact Linear Collider damping rings","Physical Review Accelerators and Beams","","2469-9888","10.1103/PhysRevAccelBeams.27.064403","https://link.aps.org/doi/10.1103/PhysRevAccelBeams.27.064403","Future ultralow emittance rings for                                                   e                   −                                  /                                    e                   +                                               colliders require extremely high beam brightness and can thus be limited by collective effects. In this paper, the interplay of effects such as synchrotron radiation, intrabeam scattering (IBS), and space charge in the vicinity of excited betatron resonances is assessed. In this respect, two algorithms were developed to simulate IBS and synchrotron radiation effects and integrated in the y tracking code, to be combined with its widely used space charge module. The impact of these effects on the achievable beam parameters of the Compact Linear Collider (CLIC) damping rings was studied, showing that synchrotron radiation damping mitigates the adverse effects of IBS and space charge induced resonance crossing. The studies include also a full dynamic simulation of the CLIC damping ring cycle starting from the injection beam parameters. It is demonstrated that a careful working point choice is necessary, in order to accommodate the transition from detuning induced by lattice nonlinearities to space-charge dominated detuning and thereby avoid excessive losses and emittance growth generated in the vicinity of strong resonances.                                                                                            Published by the American Physical Society                   2024","2024-06-12","2026-04-16 13:30:52","2026-04-16 13:30:52","2026-04-16 13:30:52","064403","","6","27","","Phys. Rev. Accel. Beams","","","","","","","","en","","","","","DOI.org (Crossref)","","","","/Users/maddiewatson/Zotero/storage/5I38STKZ/Zampetakis et al. - 2024 - Interplay of space charge, intrabeam scattering, and synchrotron radiation in the Compact Linear Col.pdf","","","","","","","","","","","","","","","","","","","","","","","","","","","","","","","","","","","","","","","","","","","","","","","","",""
"LNWNRM2J","journalArticle","2015","Miyajima, Tsukasa","Effect of Number of Macro Particles on Resolution in Phase Space Distribution","Proceedings of the 6th Int. Particle Accelerator Conf.","","","10.18429/JACOW-IPAC2015-MOPWA054","http://jacow.org/ipac2015/doi/JACoW-IPAC2015-MOPWA054.html","In order to analyze charged particle beam in an accelerator, a beam model is used to reduce number of degrees of freedom, e.g. charged disk model, charged cylinder model and macro-particle model. In numerical simulation, the macro-particle model, which has same mass-to-charge ratio, is widely used, since it does not require any symmetry of beam shape. However, the estimation of proper number of macro-particles is one of the important issues. In order to study the eﬀect of the number of macro-particles for the numerical model, we deﬁned a simple transformation to generate reduced distribution. The transformation was applied for one dimensional and two dimensional particle distributions. The static electric ﬁelds due to the transformed distributions were calculated. As a result, we conﬁrmed the eﬀectiveness of the transformation.","2015","2026-04-16 13:31:59","2026-04-16 13:31:59","2026-04-16 13:31:59","3 pages, 0.629 MB","","","IPAC2015","","","","","","","","JACoW, Geneva, Switzerland","","en","CC 3.0","","","","DOI.org (Datacite)","","Artwork Size: 3 pages, 0.629 MB ISBN: 9783954501687 Medium: PDF","","/Users/maddiewatson/Zotero/storage/NHGB54PB/Miyajima - 2015 - Effect of Number of Macro Particles on Resolution in Phase Space Distribution.pdf","","","Accelerator Physics; 5: Beam Dynamics and EM Fields","Stuart (Ed.), Henderson; Evelyn (Ed.), Akers; Todd (Ed.), Satogata; R.W. (Ed.), Schaa, Volker","","","","","","","","","","","","","","","","","","","","","","","","","","","","","","","","","","","","","","","","","","","","",""
"5C2C7B3K","journalArticle","","Keintzel, J; Blondel, A; Faus-Golfe, A; Korsun, A; Bogomyagkov, A; Martens, A; Carli, C; Kiel, C; Sittard, D; Gaskell, D; Sagan, D; Barber, D; Torrence, E; Carlier, F; Roy, G; Iadarola, G; Wilkinson, G; Jiang, H; Koop, I; Nikolaev, I; Bauche, J; Wenninger, J; Tamazirt, J; Oide, K; Hock, K","FCC-ee energy calibration and polarization - Status and outlook","","","","","","The FCC-ee aims at high-precision particle physics experiments with beam energies from 45.6 to 182.5 GeV, corresponding to the Z-pole up to above the top-pair-threshold. These goals demand, among others, a precise knowledge of the center-of-mass energy and, hence, the beam energies. By depolarizing previously polarized pilot bunches up to 80 GeV and recording the change of polarisation with a 3D polarimeter, it is aimed to determine the spin tune and thereby achieve a systematic uncertainty on the beam energy in the order of tens of keV. The latest progress on the energy calibration and polarisation working group is reported here.","","2026-04-16 13:33:50","2026-04-16 13:33:50","","","","","","","","","","","","","","","en","","","","","Zotero","","","","/Users/maddiewatson/Zotero/storage/888AR4BP/Keintzel et al. - FCC-ee energy calibration and polarization - Status and outlook.pdf","","","","","","","","","","","","","","","","","","","","","","","","","","","","","","","","","","","","","","","","","","","","","","","","",""
"HATEPUZJ","journalArticle","","Sokolov, A A; Ternov, I M","ON THE SPIN AND POLARIZATION EFFECTS IN THE THEORY OF SYNCHROTRON RADIATION","","","","","","","","2026-04-16 13:34:41","2026-04-16 13:34:41","","","","","","","","","","","","","","","en","","","","","Zotero","","","","/Users/maddiewatson/Zotero/storage/SVSAFCG5/Sokolov and Ternov - ON THE SPIN AND POLARIZATION EFFECTS IN THE THEORY OF SYNCHROTRON RADIATION.pdf","","","","","","","","","","","","","","","","","","","","","","","","","","","","","","","","","","","","","","","","","","","","","","","","",""
"RQM4YPHL","preprint","2019","Blondel, Alain; Janot, Patrick; Wenninger, Jörg; Aßmann, Ralf; Aumon, Sandra; Azzurri, Paolo; Barber, Desmond P.; Benedikt, Michael; Bogomyagkov, Anton V.; Gianfelice-Wendt, Eliana; Kerchen, Dima El; Koop, Ivan A.; Koratzinos, Mike; Levitchev, Evgeni; Lefevre, Thibaut; Milanese, Attilio; Muchnoi, Nickolai; Nikitin, Sergey A.; Oide, Katsunobu; Perez, Emmanuel; Rossmanith, Robert; Sagan, David C.; Tenchini, Roberto; Tydecks, Tobias; Shatilov, Dmitry; Voutsinas, Georgios; Wilkinson, Guy; Zimmermann, Frank","Polarization and Centre-of-mass Energy Calibration at FCC-ee","","","","10.48550/arXiv.1909.12245","http://arxiv.org/abs/1909.12245","The first stage of the FCC (Future Circular Collider) is a high-luminosity electron-positron collider (FCC-ee) with centre-of-mass energy ranging from 88 to 365 GeV, to study with high precision the Z, W, Higgs and top particles, with samples of $5 \times 10^{12}$ Z bosons, $10^8$ W pairs, $10^6$ Higgs bosons and $10^6$ top quark pairs. A cornerstone of the physics program lays in the precise (ppm) measurements of the W and Z masses and widths, as well as forward-backward asymmetries. To this effect the centre-of-mass energy distribution should be determined with the high precision. This document describes the capacity offered by FCC-ee, starting with transverse polarization of the beams around the Z pole and the W pair threshold. A running scheme based on regular measurements of the beam energy by resonant depolarization of pilot bunches, during physics data taking, is proposed. The design for polarization wigglers, polarimeter and depolarizer is outlined. The $e^\pm$ beam energies will be monitored with a relative precision of $10^{-6}$. The centre-of-mass energy is derived subject to further corrections, related to the beam acceleration, synchrotron radiation and beamstrahlung; these effects are identified and evaluated. Dimuon events $e^+e^- \to μ^+ μ^-$, recorded in the detectors, provide with great precision the beam crossing angle, the centre-of-mass energy spread, and the $e^+$ and $e^-$ energy difference. Monitoring methods to minimize absolute error and relative uncertainties are discussed. The impact on the physics measurements is given. A programme of further simulations, design, monitoring and R&D is outlined.","2019-09-26","2026-04-16 13:36:07","2026-04-16 13:36:07","2026-04-16 13:36:07","","","","","","","","","","","","arXiv","","","","","","","arXiv.org","","arXiv:1909.12245 [physics]","","/Users/maddiewatson/Zotero/storage/L8KIQW5J/Blondel et al. - 2019 - Polarization and Centre-of-mass Energy Calibration at FCC-ee.pdf; /Users/maddiewatson/Zotero/storage/6XSYU43Y/1909.html","","","Physics - Accelerator Physics; High Energy Physics - Experiment","","","","","","","","","","","","","","","","","","","arXiv:1909.12245","","","","","","","","","","","","","","","","","","","","","","","","","","",""
"3YUZEPTU","journalArticle","","Derbenev, Va S; Kondratenko, A M","Polarization kinetics of particles in storage rings","","","","","","","","2026-04-16 13:36:38","2026-04-16 13:36:38","","","","","","","","","","","","","","","en","","","","","Zotero","","","","/Users/maddiewatson/Zotero/storage/IZ3C8273/Derbenev and Kondratenko - Polarization kinetics of particles in storage rings.pdf","","","","","","","","","","","","","","","","","","","","","","","","","","","","","","","","","","","","","","","","","","","","","","","","",""
"TRMZNDM3","conferencePaper","2016","Koratzinos, Michael","The FCC-ee design study: luminosity and beam polarization","Proceedings of The European Physical Society Conference on High Energy Physics — PoS(EPS-HEP2015)","","","10.22323/1.234.0518","https://pos.sissa.it/234/518","","2016-03-16","2026-04-16 13:37:30","2026-04-16 13:37:30","2026-04-16 13:37:30","518","","","","","","The FCC-ee design study","","","","","Sissa Medialab","Vienna, Austria","en","","","","","DOI.org (Crossref)","","","","/Users/maddiewatson/Zotero/storage/6RHXVDCN/Koratzinos - 2016 - The FCC-ee design study luminosity and beam polarization.pdf","","","","","","","","","","","","","","","","","","","","","","","","","","","","","","","","","","The European Physical Society Conference on High Energy Physics","","","","","","","","","","","","","","",""
"DXVNB8T5","magazineArticle","2022","Blondel, Alain; Keintzel, Jacqueline; Wilkinson, Guy","The power of polarisation for FCC-ee physics – CERN Courier","CERN Courier","","","","https://cerncourier.com/a/the-power-of-polarisation-for-fcc-ee-physics/","","2022-11-16","2026-04-16 13:38:02","2026-04-18 13:28:16","2026-04-16 13:38:02","","","","","","","","","","","","","","","","","","","","","","","/Users/maddiewatson/Zotero/storage/Y3YX2YKK/the-power-of-polarisation-for-fcc-ee-physics.html","","","","","","","","","","","","","","","","","","","","","","","","","","","","","","","","","","","","","","","","","","","","","","","","",""
"MVX7TIX8","journalArticle","2024","Carmignani, Nicola; Perron, Thomas","I.7 — Injection and extraction","CERN Yellow Reports: School Proceedings","","2519-805X","10.23730/CYRSP-2024-003.323","https://e-publishing.cern.ch/index.php/CYRSP/article/view/1589","A particle accelerator has limited dynamic range, so a chain of accelerators is required to reach high energies. A combination of septa and kicker magnets is used to extract and inject beam from one ring to the next. Injections can be performed on-axis in a single turn or off-axis in many turns. Off-axis injections are very different in the heavy-particle accelerators and in the electron/positron rings, where there is synchrotron radiation damping. The extraction from a intermediate stage of the accelerator chain is usually done in a single turn, but multi-turn slow extractions can be required for different applications. Different injection and extraction methods are explained in this chapter.","2024-11-15","2026-04-16 13:38:35","2026-04-16 13:38:35","2026-04-16 13:38:35","323-323","","I–IV","3","","","","","","","","","","en","Copyright (c) 2024","","","","e-publishing.cern.ch","","","","/Users/maddiewatson/Zotero/storage/SXTN6TXQ/Carmignani and Perron - 2024 - I.7 — Injection and extraction.pdf","","","","","","","","","","","","","","","","","","","","","","","","","","","","","","","","","","","","","","","","","","","","","","","","",""
"RDWXF5UM","journalArticle","1999","Assmann, R W; Division, SL","THE REGIMES OF POLARIZATION IN A HIGH ENERGY e+e- STORAGE RING","New York","","","","","Several regimes of polarization must be considered for high-energy e+e- storage rings. Based on a theoretical paper by Derbenev, Kontratenko and Skrinsky from 1979 we describe the different cases. Particularly, it is shown that from a certain high energy onwards the polarization degree is expected to increase with energy. This is in sharp contrast to the usually considered regime where the expected polarization level decreases for higher beam energies. The theory of Derbenev, Kontratenko and Skrinsky is applied to the LEP storage ring with its energy range from the Z at 91 GeV to the W at 200 GeV. Though the theoretical expectations for beam polarization at the highest beam energy remain low, it is shown that the depolarization can move into a new regime for LEP above 60 GeV. The high energy LEP is the first storage ring that operates in this new and experimentally unknown regime of beam spin dynamics.","1999","2026-04-16 13:39:28","2026-04-16 13:39:28","","","","","","","","","","","","","","","en","","","","","Zotero","","","","/Users/maddiewatson/Zotero/storage/RAH8F8BN/Assmann and Division - 1999 - THE REGIMES OF POLARIZATION IN A HIGH ENERGY e+e- STORAGE RING.pdf","","","","","","","","","","","","","","","","","","","","","","","","","","","","","","","","","","","","","","","","","","","","","","","","",""
"SSL9PRCF","journalArticle","2013","Olsson, T; Leemann, S C","High-Chromaticity Optics for the MAX IV 3 GeV Storage Ring","Light Sources","","","","","The ultralow emittance lattice of the MAX IV 3 GeV storage ring has a large negative natural chromaticity. This has to be corrected to positive values to prevent head-tail instabilities. On the other hand, high linear chromaticity can lead to a large tune footprint which limits Touschek lifetime. Therefore, the linear chromaticity is corrected to +1 in both planes with sextupoles while octupoles are used to further reduce the tune footprint. Studies indicate this design leads to threshold currents for resistive wall and transverse mode coupling instabilities beyond what is expected during regular user operation. However, since these are only preliminary studies based on approximations, the possibility of instability issues during commissioning needs to be considered. A short term solution is to operate the storage ring at a higher chromaticity. This paper describes the developed high-chromaticity optics for the MAX IV 3 GeV storage ring. It focuses on reduction of chromatic and amplitude-dependent tune shifts to maximize dynamic aperture and Touschek lifetime. A comparison between the performance of the new high-chromaticity optics and the design optics is also presented.","2013","2026-04-16 19:44:39","2026-04-16 19:44:39","","","","","","","","","","","","","","","en","","","","","Zotero","","","","/Users/maddiewatson/Zotero/storage/GBK2ECDN/Olsson and Leemann - 2013 - High-Chromaticity Optics for the MAX IV 3 GeV Storage Ring.pdf","","","","","","","","","","","","","","","","","","","","","","","","","","","","","","","","","","","","","","","","","","","","","","","","",""
"UR5UKGVJ","journalArticle","2019","Charles, T.K.; Aumon, S.; Holzer, B.; Oide, K.; Zimmermann, F.","Low Emittance Tuning of FCC-ee","Journal of Physics: Conference Series","","1742-6588, 1742-6596","10.1088/1742-6596/1350/1/012006","https://iopscience.iop.org/article/10.1088/1742-6596/1350/1/012006","The FCC-ee project studies the design of a future 100 km e+/e circular collider for precision studies and rare decay observations in the range of 90 to 350 GeV center of mass energy with luminosities in the order of 1035 cm−2 s−1. In order to reach these luminosity requirements, strong focusing is needed in the interaction regions. Large maximum beta values (of 7736 m for the Z energy) and the small beta star values, make the FCC-ee lattices particularly susceptible to misalignments and ﬁeld errors. FCC-ee therefore presents an appreciable challenge for emittance tuning. In this paper, we describe a comprehensive correction strategy used for the low emittance tuning. The strategy includes programs that have been developed to optimise the lattice based on Dispersion Free Steering, linear coupling compensation based on Resonant Driving Terms and beta beat correction utilising response matrices. One hundred misalignment and ﬁeld error random seeds were introduced in MAD-X simulations and the ﬁnal corrected lattices are presented.","2019-11-01","2026-04-16 19:45:14","2026-04-16 19:45:14","2026-04-16 19:45:14","012006","","1","1350","","J. Phys.: Conf. Ser.","","","","","","","","en","","","","","DOI.org (Crossref)","","","","/Users/maddiewatson/Zotero/storage/UWZ7KA9U/Charles et al. - 2019 - Low Emittance Tuning of FCC-ee.pdf","","","","","","","","","","","","","","","","","","","","","","","","","","","","","","","","","","","","","","","","","","","","","","","","",""
"G3VESTBD","journalArticle","2024","Li, Yongjun; Ha, Kiman; Padrazo, Danny; Kosciuk, Bernard; Bacha, Belkacem; Seegitz, Michael; Rainer, Robert; Mead, Joseph; Yang, Xi; Tian, Yuke; Todd, Robert; Smaluk, Victor; Cheng, Weixing","Dedicated beam position monitor pair for model-independent lattice characterization at NSLS-II","Nuclear Instruments and Methods in Physics Research Section A: Accelerators, Spectrometers, Detectors and Associated Equipment","","01689002","10.1016/j.nima.2024.169557","https://linkinghub.elsevier.com/retrieve/pii/S0168900224004832","This paper reports recent lattice characterization results obtained at the National Synchrotron Light Source II (NSLS-II) storage ring, conducted without reliance on a lattice model. A pair of beam position monitors (BPMs) with bunch-by-bunch (B×B) resolution, were recently installed in a section of the storage ring free of magnetic fields. The new BPM pair measured the beam, or bunch’s transverse Poincaré map precisely after the beam was excited. Linear one-turn-matrices (OTM) were then derived, and from these, the 4-dimensional coupled Twiss parameters were extracted at the locations of the BPM pair. By normalizing beam oscillation amplitudes with the Twiss parameters, the global action-variables were obtained. These action-variables facilitated the measurement of the local Twiss parameters observed by other BPMs independent on lattice model. This method is general, and particularly useful in certain scenarios such as a round beam mode in a diffraction-limited light source ring. We applied it to assess both weakly and strongly coupled lattices at the NSLS-II ring. Through analysis of the strongly coupled lattice, the quadrupole tilt errors were estimated to be less than 400 μrad. Utilizing the BPMs’ B×B resolution, for the first time we observed the variations of the linear lattice along a long bunch-train.","2024-08","2026-04-16 19:46:26","2026-04-16 19:46:26","2026-04-16 19:46:26","169557","","","1065","","Nuclear Instruments and Methods in Physics Research Section A: Accelerators, Spectrometers, Detectors and Associated Equipment","","","","","","","","en","","","","","DOI.org (Crossref)","","","","/Users/maddiewatson/Zotero/storage/JUUL5ZZW/Li et al. - 2024 - Dedicated beam position monitor pair for model-independent lattice characterization at NSLS-II.pdf","","","","","","","","","","","","","","","","","","","","","","","","","","","","","","","","","","","","","","","","","","","","","","","","",""
"ZJ28FI2P","journalArticle","2014","Papaphilippou, Yannis","Detecting chaos in particle accelerators through the frequency map analysis method","Chaos: An Interdisciplinary Journal of Nonlinear Science","","1054-1500, 1089-7682","10.1063/1.4884495","http://arxiv.org/abs/1406.1545","The motion of beams in particle accelerators is dominated by a plethora of non-linear effects which can enhance chaotic motion and limit their performance. The application of advanced non-linear dynamics methods for detecting and correcting these effects and thereby increasing the region of beam stability plays an essential role during the accelerator design phase but also their operation. After describing the nature of non-linear effects and their impact on performance parameters of different particle accelerator categories, the theory of non-linear particle motion is outlined. The recent developments on the methods employed for the analysis of chaotic beam motion are detailed. In particular, the ability of the frequency map analysis method to detect chaotic motion and guide the correction of non-linear effects is demonstrated in particle tracking simulations but also experimental data.","2014-06-01","2026-04-16 20:01:45","2026-04-16 20:01:45","2026-04-16 20:01:45","024412","","2","24","","","","","","","","","","","","","","","arXiv.org","","arXiv:1406.1545 [nlin]","","/Users/maddiewatson/Zotero/storage/8I35GWLV/Papaphilippou - 2014 - Detecting chaos in particle accelerators through the frequency map analysis method.pdf; /Users/maddiewatson/Zotero/storage/2ACBYGJG/1406.html","","","Physics - Accelerator Physics; Nonlinear Sciences - Chaotic Dynamics","","","","","","","","","","","","","","","","","","","","","","","","","","","","","","","","","","","","","","","","","","","","","",""
"SEEP4X4Q","journalArticle","2019","Ogur, Salim; Aiba, Masamitsu; Antoniou, Fanouria; Barnyakov, Alexey; Chaikovska, Iryna; Charles, Tessa; Chehab, Robert; Etisken, Ozgur; Furukawa, Kazuro; Härer, Bastian; Holzer, Bernhard; Iida, Naoko; Kamitani, Takuya; Levichev, Alexey; Martyshkin, Pavel; Miyahara, Fusashi; Nikiforov, Danila; Ozcan, Erkcan; Papaphilippou, Yannis; Polozov, Sergey; Rinolfi, Louis; Tydecks, Tobias; Zimmermann, Frank","Overall Injection Strategy for FCC-ee","Proceedings of the 62th ICFA ABDW on High Luminosity Circular e$^+$e$^-$ Colliders","","","10.18429/JACOW-EEFACT2018-TUPAB03","http://jacow.org/eefact2018/doi/JACoW-eeFACT2018-TUPAB03.html","The Future Circular electron-positron Collider (FCC-ee) requires fast cycling injectors with very low extraction emittances to provide and maintain extreme luminosities at center of mass energy varying between 91.2-385 GeV in the collider. For this reason, the whole injector complex table is prepared by putting into consideration the minimum fill time from scratch, bootstrapping, transmission efficiency as well as store time of the beams in synchrotrons to approach equilibrium emittances. The current injector baseline contains 6 GeV S-band linac, a damping ring at 1.54 GeV, a prebooster to accelerate from 6 to 20 GeV, which is followed by 98-km top up booster accelerating up to final collision energies. Acceleration from 6 GeV to 20 GeV can be provided either by Super Proton Synchrotron (SPS) of CERN or a new synchrotron or C-Band linac, distinctively, which all options are retained. In this paper, the current status of the whole FCC-ee injector complex and injection strategies are discussed.","2019","2026-04-16 20:06:26","2026-04-16 20:06:26","2026-04-16 20:06:26","8 pages, 1.464 MB","","","eeFACT2018","","","","","","","","JACoW Publishing, Geneva, Switzerland","","en","CC 3.0","","","","DOI.org (Datacite)","","Artwork Size: 8 pages, 1.464 MB ISBN: 9783954502165 Medium: PDF","","/Users/maddiewatson/Zotero/storage/3RLZSCBE/Ogur et al. - 2019 - Overall Injection Strategy for FCC-ee.pdf","","","Accelerator Physics; Injector and injection","Ying-Ying (Ed.), Li; Lu (Ed.), Li; RW (Ed.), Schaa, Volker","","","","","","","","","","","","","","","","","","","","","","","","","","","","","","","","","","","","","","","","","","","","",""
"RJZJWSQD","journalArticle","","Etisken, O; Milardi, C; Raimondi, P","Considerations for a new damping ring design of the FCC-ee pre-injector complex","","","","","","The current injector complex design of the FCC-𝑒+𝑒− project consists of 𝑒+/𝑒− LINACs, which accelerate the beams up to 6 GeV, a damping ring at 1.54 GeV, a pre-booster ring (or higher energy LINAC as an option), accelerating the beam up to 16 GeV (or 20 GeV) and a booster synchrotron ring integrated in the collider tunnel accelerating the beams up to the collision energies. The purpose of the damping ring is to accept the 1.54 GeV beam coming from the LINAC, damp the positron/electron beams and provide the required beam characteristics for the injection into the subsequent accelerator. The aim of this paper is to present several considerations for a new layout of the damping ring. The beam parameters are established and compared for different lattices at 1.54 GeV. Besides, a higher energy damping ring design option at 2.86 GeV is explored.","","2026-04-16 20:08:50","2026-04-16 20:08:50","","","","","","","","","","","","","","","en","","","","","Zotero","","","","/Users/maddiewatson/Zotero/storage/D2PN3SCE/Etisken et al. - Considerations for a new damping ring design of the FCC-ee pre-injector complex.pdf","","","","","","","","","","","","","","","","","","","","","","","","","","","","","","","","","","","","","","","","","","","","","","","","",""
"ED6EUV4H","journalArticle","","Perez-Segurana, G; Todesco, E; Giovannozzi, M","Study of the corrector systems for the new lattice of the CERN hadron-hadron Future Circular Collider","","","","","","A new layout for the energy-frontier hadron-hadron future circular collider (FCC-hh) is being studied at CERN, following the constraints imposed by the outcome of recent tunnel placement studies. The new lattice and the need to maximise the dipole filling factor triggered a deep revision of the corrector systems located in the regular arcs, such as orbit, tune, linear coupling, and chromaticity correctors. The octupole system aimed at providing Landau damping has also been reviewed. Furthermore, the corrector package in the experimental insertion aimed at compensating the field quality of the triplet quadrupoles has been reconsidered in view of the experience gained with the design of the corresponding system developed for the CERN HL-LHC. In this paper, we present and discuss this review in detail. These estimates will need confirmation when the magnet design of the various correctors will be studied.","","2026-04-18 10:47:41","2026-04-18 10:47:42","","","","","","","","","","","","","","","en","","","","","Zotero","","","","/Users/maddiewatson/Zotero/storage/YK72A67X/Perez-Segurana et al. - Study of the corrector systems for the new lattice of the CERN hadron-hadron Future Circular Collide.pdf","","","","","","","","","","","","","","","","","","","","","","","","","","","","","","","","","","","","","","","","","","","","","","","","",""
"P99U2B5Z","journalArticle","","Autin, B; Marti, Y","CLOSED ORBIT CORRECTION OF A.G. MACHINES USING A SMALL NUMBER OF MAGNETS","","","","","","The closed orbit of a strong focusing machine can be corrected by using a small number of magnets with an iterative method based on the ""least squares"" theory. A special development is devoted to Householder transformations which make the numerical treatment of the method feasible by the computers commonly used in accelerator control.","","2026-04-18 10:48:25","2026-04-18 13:03:03","","","","","","","","","","","","","","","en","","","","","Zotero","","","","/Users/maddiewatson/Zotero/storage/QEZ5GJ64/Autin and Marti - CLOSED ORBI T CORREC TION OF A.G. MACHINES USING A SMALL NUMBER OF MAGNETS.pdf","","","","","","","","","","","","","","","","","","","","","","","","","","","","","","","","","","","","","","","","","","","","","","","","",""
"ZF75L7KE","journalArticle","2021","Huang, Xiaobiao","Linear optics and coupling correction with closed orbit modulation","Physical Review Accelerators and Beams","","2469-9888","10.1103/PhysRevAccelBeams.24.072805","https://link.aps.org/doi/10.1103/PhysRevAccelBeams.24.072805","","2021-07-23","2026-04-18 10:49:13","2026-04-18 10:49:13","2026-04-18 10:49:13","072805","","7","24","","Phys. Rev. Accel. Beams","","","","","","","","en","","","","","DOI.org (Crossref)","","","","/Users/maddiewatson/Zotero/storage/QA7LUUT6/Huang - 2021 - Linear optics and coupling correction with closed orbit modulation.pdf","","","","","","","","","","","","","","","","","","","","","","","","","","","","","","","","","","","","","","","","","","","","","","","","",""
"Z3GF6H4R","journalArticle","2019","Riemann, B.; Streun, A.","Low emittance lattice design from first principles: Reverse bending and longitudinal gradient bends","Physical Review Accelerators and Beams","","2469-9888","10.1103/PhysRevAccelBeams.22.021601","https://link.aps.org/doi/10.1103/PhysRevAccelBeams.22.021601","","2019-02-05","2026-04-18 12:55:58","2026-04-18 12:55:58","2026-04-18 12:55:58","021601","","2","22","","Phys. Rev. Accel. Beams","Low emittance lattice design from first principles","","","","","","","en","","","","","DOI.org (Crossref)","","","","/Users/maddiewatson/Zotero/storage/JUUCES5M/Riemann and Streun - 2019 - Low emittance lattice design from first principles Reverse bending and longitudinal gradient bends.pdf","","","","","","","","","","","","","","","","","","","","","","","","","","","","","","","","","","","","","","","","","","","","","","","","",""
"PR99IBLP","conferencePaper","1999","Verdier, A.","Resonance free lattices for A.G. machines","Proceedings of the 1999 Particle Accelerator Conference (Cat. No.99CH36366)","978-0-7803-5573-6","","10.1109/PAC.1999.795715","http://ieeexplore.ieee.org/document/795715/","A part of an alternating gradient circular machine composed of a number of identical cells Nc will not contribute to the excitation of most of the non-linear resonances to ﬁrst order in multipole strength, if the two phase advances per cell take the values 2πk1/Nc and 2πk2/Nc. k1 and k2 are any integers and k1 6= k2. This property is demonstrated here. Its application to synchrotron light sources and colliders is discussed.","1999","2026-04-18 12:56:09","2026-04-18 12:56:09","2026-04-18 12:56:09","398-400","","","1","","","","","","","","IEEE","New York, NY, USA","en","","","","","DOI.org (Crossref)","","","","/Users/maddiewatson/Zotero/storage/U4WVUH3P/Verdier - 1999 - Resonance free lattices for A.G. machines.pdf","","","","","","","","","","","","","","","","","","","","","","","","","","","","","","","","","","1999 Particle Accelerator Conference","","","","","","","","","","","","","","",""
"SVZIQCFB","journalArticle","","Barnes, M J; Ducimetière, L; Fowler, T; Senaj, V; Sermeus, L","Injection and extraction magnets: kicker magnets","","","","","","Each stage of an accelerator system has a limited dynamic range and therefore a chain of stages is required to reach high energy. A combination of septa and kicker magnets is frequently used to inject and extract beam from each stage. The kicker magnets typically produce rectangular field pulses with fast rise- and/or fall-times, however, the field strength is relatively low. To compensate for their relatively low field strength, the kicker magnets are generally combined with electromagnetic septa. The septa provide relatively strong field strength but are either DC or slow pulsed. This paper discusses injection and extraction systems with particular emphasis on the hardware required for the kicker magnet.","","2026-05-13 12:00:03","2026-05-13 12:00:03","","","","","","","","","","","","","","","en","","","","","Zotero","","","","/Users/maddiewatson/Zotero/storage/CI5DJRMY/Barnes et al. - Injection and extraction magnets kicker magnets.pdf","","","","","","","","","","","","","","","","","","","","","","","","","","","","","","","","","","","","","","","","","","","","","","","","",""
"W5WLVUN4","journalArticle","","Arduini, G","Mismatch Measurements","","","","","","The tight emittance budget imposed to the injector chain in the LHC era and the increasing request for high intensity beams for fixed-target physics demand for a careful monitoring of the emittance and of the mismatch at injection during setting-up and on-line during operation. The methods applied to measure emittance and injection mismatch are discussed with particular emphasis to those applied in the SPS.","","2026-05-13 12:02:31","2026-05-13 12:02:31","","","","","","","","","","","","","","","en","","","","","Zotero","","","","/Users/maddiewatson/Zotero/storage/AXCRHGN4/Arduini - Mismatch Measurements.pdf","","","","","","","","","","","","","","","","","","","","","","","","","","","","","","","","","","","","","","","","","","","","","","","","",""
"5J9T8RH8","journalArticle","1983","Takayama, Ken","Note on the Courant and Snyder Invariant","IEEE Transactions on Nuclear Science","","0018-9499","10.1109/TNS.1983.4332831","http://ieeexplore.ieee.org/document/4332831/","A review is given of the mathematical derivation of the Courant and Snyder invariant which is well-known as the betatron emittance in accelerators or storage rings. It is shown that the existance of such an invariant is a remarkable characteristic of a linear system even for non-periodic motion.","1983-08","2026-05-13 12:03:11","2026-05-13 12:03:11","2026-05-13 12:03:11","2412-2414","","4","30","","IEEE Trans. Nucl. Sci.","","","","","","","","en","https://ieeexplore.ieee.org/Xplorehelp/downloads/license-information/IEEE.html","","","","DOI.org (Crossref)","","","","/Users/maddiewatson/Zotero/storage/ABQ8TR3P/Takayama - 1983 - Note on the Courant and Snyder Invariant.pdf","","","","","","","","","","","","","","","","","","","","","","","","","","","","","","","","","","","","","","","","","","","","","","","","",""
"T27R9INQ","journalArticle","2007","Ohkawa, Tomohiro; Ikegami, Masanori","Dispersion matching at the injection from a high-intensity linac to a circular accelerator","Nuclear Instruments and Methods in Physics Research Section A: Accelerators, Spectrometers, Detectors and Associated Equipment","","01689002","10.1016/j.nima.2007.03.015","https://linkinghub.elsevier.com/retrieve/pii/S0168900207004974","Dispersion matching is known to be important in injecting a high-intensity beam from a linac to a circular accelerator. As a ring bunch is usually a superposition of a number of linac bunches, it is required to take both of the momentum centroid jitter and the momentum spread into consideration in the dispersion matching at injection. As the momentum centroid jitter affects the transverse beam dynamics through the dispersion without space-charge and the momentum spread that with space-charge, both of the dispersions should be optimized at the ring injection to realize an ideal matching. For this purpose, we have established a formalism to calculate the dispersion with space-charge swiftly for a bunched beam. The optimization procedure based on this formalism is demonstrated for an actual beam transport line as a practical example. Then, the validity of the procedure is conﬁrmed with particle simulations.","2007-06","2026-05-13 12:08:15","2026-05-13 12:08:15","2026-05-13 12:08:15","274-286","","2-3","576","","Nuclear Instruments and Methods in Physics Research Section A: Accelerators, Spectrometers, Detectors and Associated Equipment","","","","","","","","en","","","","","DOI.org (Crossref)","","","","/Users/maddiewatson/Zotero/storage/88AV24CA/Ohkawa and Ikegami - 2007 - Dispersion matching at the injection from a high-intensity linac to a circular accelerator.pdf","","","","","","","","","","","","","","","","","","","","","","","","","","","","","","","","","","","","","","","","","","","","","","","","",""
"A44MSJCD","preprint","2014","Tecker, F","Longitudinal Beam Dynamics","","","","10.5170/CERN-2014-009.1","https://cds.cern.ch/record/1982417","The course gives a summary of longitudinal beam dynamics for both linear and circular accelerators. After discussing different types of acceleration methods and synchronism conditions, it focuses on the particle motion in synchrotrons.","2014","2026-05-13 12:08:59","2026-05-13 12:08:59","2026-05-13 12:08:59","","","","","","","","","","","","CERN","","en","","","","","DOI.org (Datacite)","","","","/Users/maddiewatson/Zotero/storage/7K34QMM4/Tecker - 2014 - Longitudinal Beam Dynamics.pdf","","","Accelerators and Storage Rings","","","","","","","","","","","","","","","","","","","","","","","","","","","","","","","","","","","","","","","","","","","","","",""
"HTNPB9Y3","preprint","2024","Smaluk, Victor; Shaftan, Timur","Electron beam emittance at operational intensity in fourth-generation synchrotron light sources","","","","10.48550/arXiv.2402.05204","http://arxiv.org/abs/2402.05204","For synchrotron light sources, the brightness of user X-ray beams is primarily determined by the electron beam emittance and energy spread at operational intensity. A common feature of fourth-generation synchrotrons is the short length of electron bunches combined with a very small transverse beam size. Consequently, the particle density is much higher than in machines of previous generations, leading to strong collective effects that significantly increase the emittance and limit the achievable brightness at operational beam intensity. In this article, we summarize our studies of the emittance scaled with the beam energy and intensity, taking into account the effects of intrabeam scattering, beam-impedance interaction, and bunch lengthening provided by higher-harmonic RF systems, to identify optimal combinations of machine and beam parameters.","2024-05-02","2026-05-13 12:09:56","2026-05-13 12:09:56","2026-05-13 12:09:56","","","","","","","","","","","","arXiv","","","","","","","arXiv.org","","arXiv:2402.05204 [physics.acc-ph] version: 3","","/Users/maddiewatson/Zotero/storage/IV57BVQZ/Smaluk and Shaftan - 2024 - Electron beam emittance at operational intensity in fourth-generation synchrotron light sources.pdf; /Users/maddiewatson/Zotero/storage/7R9IEZRH/2402.html","","","Physics - Accelerator Physics","","","","","","","","","","","","","","","","","","","arXiv:2402.05204","","","","","","","","","","","","","","","","","","","","","","","","","","",""
"RUE624R7","journalArticle","2014","Takao, Masaru; Kaneki, Kimitaka; Shimosaki, Yoshito; Soutome, Kouichi","Correction of the Higher Order Dispersion for Improving Momentum Acceptance","Proceedings of the 5th Int. Particle Accelerator Conf.","","","10.18429/JACOW-IPAC2014-THPRO066","http://jacow.org/IPAC2014/doi/JACoW-IPAC2014-THPRO066.html","May 2013 we lowered the emittance of the SPring-8 storage ring from 3.5 nm·rad to 2.4 nm·rad to enhance the brilliance. At the optics change the momentum acceptance shrunk from 3.2 % to 2.4 %. Then, by carefully correcting the second order dispersion, we recovered the momentum acceptance up to 2.8 %, which results in doubling the Touschek beam lifetime. Although the injection eﬃciency decreased by more than 10 % by the dispersion correction, we restored it by means of suppressing the amplitude dependent tune shift. Here we describe these improvements of the nonlinear dynamics of the SPring-8 storage ring.","2014","2026-05-13 12:12:11","2026-05-13 12:12:11","2026-05-13 12:12:11","3 pages, 1.718 MB","","","IPAC2014","","","","","","","","JACoW, Geneva, Switzerland","","en","CC 3.0","","","","DOI.org (Datacite)","","Artwork Size: 3 pages, 1.718 MB ISBN: 9783954501328 Medium: PDF","","/Users/maddiewatson/Zotero/storage/RG3JRQMK/Takao et al. - 2014 - Correction of the Higher Order Dispersion for Improving Momentum Acceptance.pdf","","","Accelerator Physics; 05 Beam Dynamics and Electromagnetic Fields; D02 Non-linear Dynamics - Resonances, Tracking, Higher Order","Christine (Ed.), Petit-Jean-Genaz; Gianluigi (Ed.), Arduini; Peter (Ed.), Michel; RW (Ed.), Schaa, Volker","","","","","","","","","","","","","","","","","","","","","","","","","","","","","","","","","","","","","","","","","","","","",""
"P7K8FWF6","journalArticle","2025","Gilanliogullari, Onur; Mustapha, Brahim; Snopok, Pavel","Avoiding Beam Instabilities and Resonances With Circular Modes","","","2673-5547","10.18429/JACoW-HIAT2025-TUP14","http://arxiv.org/abs/2509.07694","Beam instabilities and resonances affect the transverse dynamics in particle accelerators and, when encountered, can trigger emittance growth and beam loss. Resonance lines originate from non linear elements and effects in the lattice, imposing strict constraints on the choice of working points and narrowing the available tune space. Circular modes are round coupled beams with non zero angular momentum, provide an alternative beam motion and dynamics. In this study, we derive the third-order sextupole resonance conditions in the coupled (normal-mode) parametrization and show that, with circular-mode lattice design and beam operation, most of these resonance lines are naturally suppresses due to the inherent flatness of the mode.","2025-10-13","2026-05-13 14:32:41","2026-05-13 14:32:41","2026-05-13 14:32:41","159-162 pages, 0.92 MB","","","","","","","","","","","","","","","","","","arXiv.org","","arXiv:2509.07694 [physics.acc-ph]","","/Users/maddiewatson/Zotero/storage/L3644KCE/Gilanliogullari et al. - 2025 - Avoiding Beam Instabilities and Resonances With Circular Modes.pdf; /Users/maddiewatson/Zotero/storage/4I78U3EJ/2509.html","","","Physics - Accelerator Physics","","","","","","","","","","","","","","","","","","","","","","","","","","","","","","","","","","","","","","","","","","","","","",""
"PUWT44SB","journalArticle","2020","Asvesta, F.; Bartosik, H.; Gilardoni, S.; Huschauer, A.; Machida, S.; Papaphilippou, Y.; Wasef, R.","Identification and characterization of high order incoherent space charge driven structure resonances in the CERN Proton Synchrotron","Physical Review Accelerators and Beams","","2469-9888","10.1103/PhysRevAccelBeams.23.091001","https://link.aps.org/doi/10.1103/PhysRevAccelBeams.23.091001","","2020-09-28","2026-05-13 14:34:49","2026-05-13 14:34:49","2026-05-13 14:34:49","091001","","9","23","","Phys. Rev. Accel. Beams","","","","","","","","en","","","","","DOI.org (Crossref)","","","","/Users/maddiewatson/Zotero/storage/9V5EMUGT/Asvesta et al. - 2020 - Identification and characterization of high order incoherent space charge driven structure resonance.pdf","","","","","","","","","","","","","","","","","","","","","","","","","","","","","","","","","","","","","","","","","","","","","","","","",""
"V7T6I5YE","journalArticle","","Wolski, Andy","Notes for USPAS Course on Linear Colliders Santa Barbara, June 2003","","","","","","","","2026-06-01 08:45:14","2026-06-01 08:45:14","","","","","","","","","","","","","","","en","","","","","Zotero","","","","/Users/maddiewatson/Zotero/storage/GW7ZJK9T/Wolski - Notes for USPAS Course on Linear Colliders Santa Barbara, June 2003.pdf","","","","","","","","","","","","","","","","","","","","","","","","","","","","","","","","","","","","","","","","","","","","","","","","",""
"83A5MUE7","journalArticle","","Wolski, Andy","The Accelerator Physics of Linear Collider Damping Rings","","","","","","","","2026-06-01 08:46:25","2026-06-01 08:46:25","","","","","","","","","","","","","","","en","","","","","Zotero","","","","/Users/maddiewatson/Zotero/storage/HVVKJ4XF/Wolski - The Accelerator Physics of Linear Collider Damping Rings.pdf","","","","","","","","","","","","","","","","","","","","","","","","","","","","","","","","","","","","","","","","","","","","","","","","",""