name,type,s_start,s_end,betx_max,bety_max,dx_max,R_req_x,R_req_y
Bend1_1R1,Bend,0.7999999999999998,1.1999999999999997,3.236964289837303,3.2390823323502005,0.2103113069890476,0.08778501629591033,0.013216499939821345
Bend2_1R1,Bend,2.5000000000000053,2.9000000000000052,3.23699593798352,3.2391469687986487,0.21036667790608882,0.08780488143864508,0.013216621830398411
Bend1_1R2,Bend,4.200000000000011,4.600000000000011,3.2369959550158263,3.2391469320809256,0.21038612018828498,0.0878118368572349,0.013216621761156951
Bend2_1R2,Bend,5.900000000000016,6.300000000000017,3.236964306681656,3.2390822956565573,0.21044149024277392,0.08783158879409639,0.013216499870624603
Bend1_1R3,Bend,7.600000000000022,8.000000000000021,3.236964289652741,3.2390823323629143,0.21044149008828944,0.08783158870845699,0.013216499939845323
Bend2_1R3,Bend,9.300000000000027,9.700000000000028,3.236995938167437,3.239146968810543,0.21038611922629613,0.08781183648303659,0.013216621830420841
Bend1_1R4,Bend,11.000000000000034,11.400000000000034,3.2369959551455167,3.239146932068709,0.21036667699628828,0.08780488114377859,0.013216621761133914
Bend2_1R4,Bend,12.70000000000004,13.10000000000004,3.2369643068150586,3.239082295640367,0.21031130669834877,0.08778501622219619,0.013216499870594072
Bend1_1R5,Bend,14.400000000000047,14.800000000000047,3.2369642896858566,3.239082332374866,0.2103113068143064,0.08778501623312733,0.01321649993986786
Bend2_1R5,Bend,16.10000000000005,16.50000000000005,3.2369959383327784,3.2391469688233108,0.21036667780708618,0.08780488140385027,0.013216621830444919
Bend1_1R6,Bend,17.800000000000058,18.200000000000056,3.2369959552015746,3.2391469320562636,0.21038612014398794,0.08781183684171913,0.013216621761110443
Bend2_1R6,Bend,19.500000000000064,19.900000000000063,3.2369643063935296,3.2390822956318925,0.21044149039210808,0.08783158884700612,0.013216499870578092
Bend1_1R7,Bend,21.20000000000007,21.60000000000007,3.2369642894926858,3.2390823323875804,0.21044149025330644,0.08783158876720559,0.013216499939891838
Bend2_1R7,Bend,22.900000000000077,23.300000000000075,3.236995938306992,3.2391469688352146,0.21038611927055642,0.08781183649911942,0.013216621830467366
Bend1_1R8,Bend,24.600000000000083,25.00000000000008,3.250462306221847,3.2309127459331948,0.21081366578466243,0.08798878331137241,0.013201084036139427
Bend2_1R8,Bend,26.30000000000009,26.700000000000088,3.3424994067331326,3.088091305190894,0.2175927242278615,0.09057663623267737,0.01292836362927667
BendDS_1R,Bend,30.650000000000087,31.050000000000086,4.333132402344717,3.116372288086266,0.012283291535546937,0.01728134011224411,0.012982859589905908
BendDS_2L,Bend,40.90924654425206,41.30924654425206,4.33313246813043,3.116372278384123,0.012283291462933452,0.01728134019377305,0.012982859571252902
Bend2_2L8,Bend,45.25924654425205,45.65924654425205,3.342499337919434,3.088091313847004,0.21759272435196803,0.09057663615629086,0.012928363645994638
Bend1_2L8,Bend,46.95924654425205,47.35924654425205,3.2504623453449093,3.230912750675285,0.21081366575326674,0.08798878336977681,0.013201084045093344
Bend2_2L7,Bend,48.659246544252056,49.059246544252055,3.2369960037476653,3.2391469597981057,0.21038611925140738,0.08781183660899039,0.01321662181342539
Bend1_2L7,Bend,50.35924654425206,50.75924654425206,3.2369642508813,3.239082327639446,0.2104414901971113,0.08783158867823357,0.013216499930937823
Bend2_2L6,Bend,52.05924654425206,52.45924654425206,3.236964241220279,3.2390823046649144,0.21044149028880138,0.08783158869380357,0.013216499887612532
Bend1_2L6,Bend,53.759246544252065,54.15924654425206,3.2369959941421604,3.2391469367789565,0.21038611988558806,0.08781183681873304,0.013216621770016392
Bend2_2L5,Bend,55.45924654425207,55.859246544252066,3.2369960039505137,3.2391469597935614,0.21036667763495673,0.08780488145930901,0.013216621813416821
Bend1_2L5,Bend,57.15924654425207,57.55924654425207,3.236964250642498,3.2390823276468743,0.21031130692100417,0.08778501620165902,0.013216499930951829
Bend2_2L4,Bend,58.85924654425207,59.25924654425207,3.2369642410923642,3.239082304669054,0.2103113068402774,0.08778501615574548,0.013216499887620338
Bend1_2L4,Bend,60.559246544252076,60.959246544252075,3.2369959941634416,3.239146936805328,0.21036667701441897,0.087804881219858,0.013216621770066123
Bend2_2L3,Bend,62.25924654425208,62.65924654425208,3.2369960037595535,3.2391469597734344,0.21038611927378295,0.08781183661701635,0.013216621813378866
Bend1_2L3,Bend,63.95924654425208,64.35924654425209,3.236964250478315,3.2390823276147835,0.21044149008227978,0.08783158863643434,0.013216499930891312
Bend2_2L2,Bend,65.65924654425208,66.05924654425209,3.2369642411342956,3.239082304689584,0.21044149020059677,0.08783158866209541,0.013216499887659054
Bend1_2L2,Bend,67.35924654425209,67.7592465442521,3.2369959944188627,3.239146936803619,0.2103861200240708,0.08781183686876816,0.0132166217700629
Bend2_2L1,Bend,69.05924654425209,69.4592465442521,3.236996003830402,3.2391469597688904,0.21036667780739376,0.08780488152078335,0.013216621813370296
Bend1_2L1,Bend,70.7592465442521,71.1592465442521,3.236964250755011,3.239082327622207,0.21031130702527837,0.08778501623916334,0.01321649993090531
Bend1_2R1,Bend,72.4592465442521,72.8592465442521,3.2369642413724327,3.2390823046941613,0.21031130689920993,0.08778501617732785,0.013216499887667685
Bend2_2R1,Bend,74.1592465442521,74.5592465442521,3.236995994116234,3.2391469368422143,0.21036667699213585,0.08780488121180209,0.013216621770135682
Bend1_2R2,Bend,75.8592465442521,76.25924654425211,3.2369960033261957,3.239146959737981,0.2103861192146911,0.08781183659510357,0.013216621813312006
Bend2_2R2,Bend,77.5592465442521,77.95924654425211,3.236964251404879,3.239082327599172,0.21044148992945066,0.08783158858341306,0.013216499930861873
Bend1_2R3,Bend,79.25924654425211,79.65924654425211,3.2369642419769753,3.2390823047124497,0.21044149004630444,0.08783158860840105,0.013216499887702175
Bend2_2R3,Bend,80.95924654425211,81.35924654425212,3.2369959935956056,3.239146936836185,0.21038612003996662,0.08781183687298644,0.013216621770124313
Bend1_2R4,Bend,82.65924654425211,83.05924654425212,3.236996003212815,3.239146959740735,0.21036667786363691,0.08780488153980251,0.0132166218133172
Bend2_2R4,Bend,84.35924654425212,84.75924654425212,3.236964251306534,3.239082327597597,0.2103113071610717,0.08778501628872648,0.013216499930858903
Bend1_2R5,Bend,86.05924654425212,86.45924654425212,3.2369642417709485,3.239082304718807,0.21031130702133757,0.08778501622172924,0.013216499887714162
Bend2_2R5,Bend,87.75924654425212,88.15924654425213,3.236995993971915,3.2391469368668617,0.2103666769506503,0.08780488119670345,0.013216621770182162
Bend1_2R6,Bend,89.45924654425212,89.85924654425213,3.2369960034551575,3.2391469597133336,0.21038611912247904,0.08781183656234515,0.01321662181326553
Bend2_2R6,Bend,91.15924654425213,91.55924654425213,3.236964251021038,3.2390823275745215,0.2104414898494337,0.08783158855410271,0.013216499930815386
Bend1_2R7,Bend,92.85924654425213,93.25924654425214,3.236964241637083,3.2390823047371025,0.21044148997367723,0.08783158858181278,0.013216499887748662
Bend2_2R7,Bend,94.55924654425213,94.95924654425214,3.2369959939492827,3.2391469368608377,0.21038612002580093,0.08781183686854954,0.013216621770170803
Bend1_2R8,Bend,96.25924654425214,96.65924654425214,3.2504623546618894,3.230912773565822,0.21081366668900414,0.08798878372111615,0.013201084088314777
Bend2_2R8,Bend,97.95924654425214,98.35924654425214,3.3424993501790614,3.0880913356358244,0.21759272487662687,0.09057663636550385,0.012928363688076455
BendDS_2R,Bend,102.30924654425212,102.70924654425212,4.33313247189501,3.116372265752307,0.012283290762515558,0.017281339936166172,0.012982859546967408
BendDS_3L,Bend,112.5684930885041,112.9684930885041,4.33313244691453,3.116372307128911,0.012283292435013284,0.017281340493196445,0.01298285962651664
Bend2_3L8,Bend,116.91849308850408,117.31849308850408,3.3424993767938456,3.0880912987150237,0.21759272392926235,0.09057663607330402,0.012928363616769505
Bend1_3L8,Bend,118.61849308850408,119.01849308850409,3.2504623392664707,3.230912753371943,0.21081366466850873,0.08798878297089043,0.013201084050185118
Bend2_3L7,Bend,120.31849308850408,120.71849308850409,3.2369959682776455,3.2391469753828894,0.21038611818684527,0.08781183616488299,0.013216621842814826
Bend1_3L7,Bend,122.01849308850409,122.41849308850409,3.2369642569178834,3.2390823249145386,0.2104414900893865,0.08783158865046255,0.0132164999257992
Bend2_3L6,Bend,123.71849308850409,124.1184930885041,3.2369642769832887,3.2390822890606557,0.21044149053520594,0.0878315888457417,0.013216499858186074
Bend1_3L6,Bend,125.41849308850409,125.8184930885041,3.23699598797254,3.2391469395616137,0.21038612105020094,0.08781183722436374,0.013216621775263865
Bend2_3L5,Bend,127.1184930885041,127.5184930885041,3.236995968102332,3.2391469753764883,0.21036667875751738,0.08780488179696036,0.013216621842802756
Bend1_3L5,Bend,128.8184930885041,129.21849308850412,3.2369642569637715,3.2390823248834364,0.21031130687195634,0.08778501619538721,0.01321649992574055
Bend2_3L4,Bend,130.51849308850413,130.91849308850414,3.2369642768731595,3.2390822890878517,0.21031130645007723,0.08778501607997286,0.013216499858237363
Bend1_3L4,Bend,132.21849308850415,132.61849308850415,3.236995988132764,3.2391469395702397,0.21036667593546177,0.0878048808231095,0.013216621775280133
Bend2_3L3,Bend,133.91849308850416,134.31849308850417,3.2369959678773252,3.239146975358229,0.21038611830002266,0.08781183620465768,0.013216621842768322
Bend1_3L3,Bend,135.61849308850418,136.0184930885042,3.2369642571659605,3.239082324889869,0.21044149027096914,0.08783158871586538,0.013216499925752679
Bend2_3L2,Bend,137.3184930885042,137.7184930885042,3.236964277135895,3.239082289085324,0.21044149069010207,0.0878315889014273,0.013216499858232596
Bend1_3L2,Bend,139.01849308850421,139.41849308850422,3.2369959880032786,3.239146939586285,0.21038612106419075,0.08781183722942336,0.01321662177531039
Bend2_3L1,Bend,140.71849308850423,141.11849308850424,3.236995967938091,3.239146975351819,0.2103666787269518,0.08780488178573273,0.013216621842756234
Bend1_3L1,Bend,142.41849308850425,142.81849308850425,3.236964257150336,3.2390823248587655,0.21031130676573184,0.08778501615771864,0.013216499925694025
Bend1_3R1,Bend,144.11849308850427,144.51849308850427,3.2369642770687865,3.2390822891134396,0.21031130635345463,0.08778501604575549,0.013216499858285616
Bend2_3R1,Bend,145.81849308850428,146.2184930885043,3.2369959882663215,3.2391469396092676,0.21036667593498015,0.08780488082317543,0.01321662177535373
Bend1_3R2,Bend,147.5184930885043,147.9184930885043,3.2369959679725833,3.239146975318619,0.21038611826295742,0.08781183619156767,0.013216621842693628
Bend2_3R2,Bend,149.21849308850432,149.61849308850432,3.236964257013508,3.2390823248474288,0.2104414901238969,0.08783158866297905,0.013216499925672646
Bend1_3R3,Bend,150.91849308850433,151.31849308850434,3.236964277103893,3.239082289127807,0.21044149057521916,0.08783158886027136,0.013216499858312709
Bend2_3R3,Bend,152.61849308850435,153.01849308850436,3.23699598818586,3.2391469396207615,0.21038612110366328,0.08781183724387015,0.013216621775375404
Bend1_3R4,Bend,154.31849308850437,154.71849308850437,3.236995967979543,3.2391469753034965,0.21036667884284732,0.08780488182726774,0.01321662184266511
Bend2_3R4,Bend,156.01849308850439,156.4184930885044,3.2369642565855323,3.2390823248333613,0.2103113069772746,0.0877850162323897,0.013216499925646118
Bend1_3R5,Bend,157.7184930885044,158.1184930885044,3.236964277028726,3.239082289138098,0.21031130654628788,0.08778501611466924,0.013216499858332117
Bend2_3R5,Bend,159.41849308850442,159.81849308850443,3.2369959883674526,3.239146939633926,0.21036667588213245,0.08780488080444979,0.013216621775400231
Bend1_3R6,Bend,161.11849308850444,161.51849308850444,3.2369959678694213,3.239146975293958,0.21038611816566144,0.08781183615657646,0.01321662184264712
Bend2_3R6,Bend,162.81849308850445,163.21849308850446,3.2369642563573082,3.2390823248227627,0.21044148997117165,0.08783158860717186,0.013216499925626131
Bend1_3R7,Bend,164.51849308850447,164.91849308850448,3.2369642767963867,3.2390822891524693,0.2104414904455098,0.08783158881331997,0.013216499858359217
Bend2_3R7,Bend,166.2184930885045,166.6184930885045,3.2369959887259685,3.2391469396454258,0.21038612113857932,0.08781183725732454,0.013216621775421915
Bend1_3R8,Bend,167.9184930885045,168.3184930885045,3.250462319161975,3.230912789035318,0.2108136677292863,0.08798878403008521,0.013201084117523958
Bend2_3R8,Bend,169.61849308850452,170.01849308850453,3.3424993523255186,3.0880913326835535,0.21759272474454158,0.0905766363220185,0.01292836368237459
BendDS_3R,Bend,173.96849308850454,174.36849308850455,4.333132436029475,3.116372287435382,0.01228328957876586,0.017281339483258357,0.012982859588654541
BendDS_1L,Bend,184.22773963275662,184.62773963275663,4.333132379521814,3.1163722954410678,0.012283292767584273,0.017281340531193897,0.012982859604045997
Bend2_1L8,Bend,188.57773963275665,188.97773963275665,3.3424994119884435,3.088091325538187,0.21759272260408444,0.09057663566100287,0.012928363668574392
Bend1_1L8,Bend,190.27773963275666,190.67773963275667,3.2504622850910048,3.2309127851378734,0.21081366415308705,0.08798878269007245,0.013201084110164883
Bend2_1L7,Bend,191.97773963275668,192.3777396327567,3.2369959320196395,3.239146947091298,0.21038611805374027,0.0878118360525947,0.013216621789463177
Bend1_1L7,Bend,193.6777396327567,194.0777396327567,3.2369643107880544,3.2390822930349445,0.21044149142297694,0.08783158922363299,0.013216499865680777
Bend2_1L6,Bend,195.37773963275671,195.77773963275672,3.2369643127087784,3.2390823173743692,0.21044149196660047,0.0878315894215377,0.013216499911579978
Bend1_1L6,Bend,197.07773963275673,197.47773963275674,3.236995934554259,3.2391469713883554,0.21038612161416423,0.08781183733084101,0.013216621835282022
Bend2_1L5,Bend,198.77773963275675,199.17773963275675,3.236995932443848,3.2391469470861916,0.2103666789484739,0.08780488180167294,0.013216621789453546
Bend1_1L5,Bend,200.47773963275677,200.87773963275677,3.236964310766879,3.2390822930400556,0.21031130577650944,0.08778501589946092,0.013216499865690415
Bend2_1L4,Bend,202.17773963275678,202.5777396327568,3.236964312899518,3.23908231738053,0.21031130527253633,0.08778501572297069,0.013216499911591593
Bend1_1L4,Bend,203.8777396327568,204.2777396327568,3.2369959343500327,3.2391469714105945,0.21036667547785237,0.08780488056347373,0.01321662183532396
Bend2_1L3,Bend,205.57773963275682,205.97773963275682,3.2369959323814363,3.2391469470666356,0.2103861181443771,0.08781183608566492,0.013216621789416669
Bend1_1L3,Bend,207.27773963275683,207.67773963275684,3.2369643106595367,3.2390822930102763,0.21044149131377074,0.08783158918433574,0.013216499865634255
Bend2_1L2,Bend,208.97773963275685,209.37773963275686,3.2369643127047825,3.2390823173990317,0.21044149183181285,0.08783158937331093,0.013216499911626486
Bend1_1L2,Bend,210.67773963275687,211.07773963275687,3.236995934298806,3.239146971413025,0.21038612143457483,0.0878118372661381,0.013216621835328544
Bend2_1L1,Bend,212.37773963275689,212.7777396327569,3.236995932325917,3.239146947061532,0.21036667879446963,0.08780488174636825,0.013216621789407045
Bend1_1L1,Bend,214.0777396327569,214.4777396327569,3.2369643105702437,3.2390822930153886,0.21031130579343027,0.08778501590516358,0.013216499865643896
QDDoubDS_1R,Quadrupole,29.465000000000092,29.765000000000093,1.4730776751706323,8.523741436816746,0.0784579731288445,0.035803545801655394,0.020817594470230027
QFDoub_1R,Quadrupole,31.79590118896375,32.09590118896375,6.618536613776082,2.1265243660003463,2.3088053995292998e-05,0.017519483300343867,0.010898536417255026
QFTripC_2L2,Quadrupole,35.82962327212608,36.129623272126075,10.272917624509601,1.3225536888884866,0.00012165771093135952,0.021614309391322372,0.008806250062006835
QDTrip_2L1,Quadrupole,36.69494976394692,36.99494976394692,3.8192229804150784,3.2461537251686003,7.373267746671575e-05,0.013569091246947006,0.013229827877062957
QDDoub_2L,Quadrupole,39.49494976394692,39.79494976394692,4.236337802455619,3.2348040677485543,1.3732921910668279e-05,0.014214805709249365,0.01320842933776897
QDDS_2L,Quadrupole,41.80924654425206,42.10924654425206,2.566461311136522,6.288617954134955,0.05670931550180991,0.02980208796002358,0.018022110648193833
QDDoubDS_2L,Quadrupole,42.19424654425205,42.49424654425205,1.473077707162474,8.529344298557458,0.07845797313335434,0.03580354586303008,0.020824106692716417
QDA_M2L8,Quadrupole,46.15924654425205,46.459246544252046,1.1358592125934357,5.594357992821698,0.14490019971578558,0.059677548680549086,0.017055022948522614
QFA_M2L7,Quadrupole,47.85924654425205,48.15924654425205,5.6530688869193115,1.1109980122043543,0.28109767529610186,0.1168211225984787,0.00815471674157079
QDA_2L7,Quadrupole,49.559246544252055,49.85924654425205,1.111381717128827,5.622174284209047,0.14294133681280768,0.0589026612755756,0.017094887883633277
QFA_2L6,Quadrupole,51.25924654425206,51.559246544252055,5.651808688241642,1.110925404172037,0.2811548892499472,0.11683988966689707,0.00815448294349616
QDA_2L6,Quadrupole,52.95924654425206,53.25924654425206,1.1113817062265452,5.622172982847268,0.14294133702937745,0.05890266131982268,0.017094886020895476
QFA_2L5,Quadrupole,54.65924654425206,54.95924654425206,5.651866658795832,1.1109980122055596,0.281068067716874,0.11680890790791709,0.008154716741574673
QDA_2L5,Quadrupole,56.359246544252066,56.65924654425206,1.1113817171818832,5.6221742841847835,0.14288735585656578,0.05888335961620677,0.017094887883598545
QFA_2L4,Quadrupole,58.05924654425207,58.359246544252066,5.651808687897932,1.1109254041729197,0.28098096114999604,0.11677766767810427,0.008154482943499002
QDA_2L4,Quadrupole,59.75924654425207,60.05924654425207,1.111381706282232,5.622172982868292,0.14288735556879542,0.05888335948007987,0.017094886020925567
QFA_2L3,Quadrupole,61.459246544252075,61.75924654425207,5.651866658596911,1.1109980122018528,0.28106778239019725,0.11680880583332502,0.008154716741562736
QDA_2L3,Quadrupole,63.15924654425208,63.459246544252075,1.1113817170749198,5.622174284164257,0.1429413367656031,0.05890266125843653,0.017094887883569165
QFA_2L2,Quadrupole,64.85924654425209,65.15924654425208,5.651808687811018,1.1109254041695444,0.2811548891141215,0.11683988961772478,0.008154482943488136
QDA_2L2,Quadrupole,66.55924654425209,66.85924654425209,1.1113817064835645,5.622172982892034,0.14294133702939574,0.05890266132050556,0.01709488602095955
QFA_2L1,Quadrupole,68.2592465442521,68.55924654425209,5.651866658835361,1.1109980122030587,0.2810680679243233,0.1168089079821845,0.00815471674156662
QDA_2L1,Quadrupole,69.9592465442521,70.2592465442521,1.1113817170133997,5.622174284139996,0.14288735596065705,0.05888335965293209,0.01709488788353444
QFA_2RC,Quadrupole,71.6592465442521,71.9592465442521,5.6518086883337295,1.1109254041704248,0.28098096125935024,0.1167776677178135,0.00815448294349097
QDDoubDS_2R,Quadrupole,101.12424654425214,101.42424654425214,1.4730776959831642,8.512513756713652,0.07845797295357651,0.03580354576505014,0.020804538059877437
QFDoub_2R,Quadrupole,103.4551477332158,103.7551477332158,6.614181960287194,2.1265243785008487,2.3089293032027454e-05,0.017514095856370693,0.010898536446348667
QDTrip_2R1,Quadrupole,106.62354332455728,106.92354332455727,3.819222957284589,3.2460836705958562,7.373234132192693e-05,0.0135690910887113,0.013229695911656878
QFTripC_3L2,Quadrupole,107.48886981637811,107.78886981637811,10.285375150354058,1.3225536837543679,0.00012173123947886728,0.021626804571594792,0.008806250046855008
QDTrip_3L1,Quadrupole,108.35419630819895,108.65419630819895,3.819222964226769,3.247761943162788,7.373255827015536e-05,0.013569091177722956,0.013232856968644027
QDDoub_3L,Quadrupole,111.15419630819895,111.45419630819895,4.23633781092076,3.237373003391322,1.373180700696405e-05,0.014214805323595769,0.013213276067953833
QDDS_3L,Quadrupole,113.4684930885041,113.7684930885041,2.5664612786630503,6.288617999200818,0.0567093160991812,0.02980208810876716,0.018022110709186256
QDDoubDS_3L,Quadrupole,113.85349308850408,114.15349308850408,1.4730776836392423,8.529315105052815,0.0784579734842826,0.03580354593191122,0.020824072766565373
QDA_M3L8,Quadrupole,117.81849308850408,118.11849308850408,1.1358592317289875,5.588672175420298,0.1449001992279415,0.059677548563642366,0.017046862125122363
QFA_M3L7,Quadrupole,119.51849308850409,119.81849308850408,5.648984960063703,1.1109980231650367,0.28099485072220165,0.11677882457021008,0.008154716776863642
QDA_3L7,Quadrupole,121.21849308850409,121.51849308850409,1.1113816984300628,5.618007890505742,0.14294133645280904,0.058902661102528106,0.01708892310343815
QFA_3L6,Quadrupole,122.91849308850409,123.21849308850409,5.647581901680527,1.1109253945276285,0.2810486071053895,0.11679616118582724,0.008154482912440631
QDA_3L6,Quadrupole,124.6184930885041,124.91849308850409,1.1113817208628625,5.618005306822106,0.14294133747376334,0.05890266153627932,0.017088919403844542
QFA_3L5,Quadrupole,126.3184930885041,126.6184930885041,5.647639752390023,1.1109980231632153,0.2809619621033775,0.11676524244747967,0.008154716776857779
QDA_3L5,Quadrupole,128.0184930885041,128.3184930885041,1.1113816983686968,5.618007890487022,0.14288735632736427,0.058883359727365754,0.01708892310341134
QFA_3L4,Quadrupole,129.71849308850412,130.01849308850413,5.647581901687713,1.11092539451675,0.28087474437929255,0.11673396258470772,0.0081544829124056
QDA_3L4,Quadrupole,131.41849308850414,131.71849308850415,1.1113817208574164,5.618005306889851,0.14288735498021862,0.058883359313885816,0.017088919403941548
QFA_3L3,Quadrupole,133.11849308850415,133.41849308850416,5.647639752217484,1.1109980231625431,0.2809613894450925,0.11676503758134445,0.008154716776855614
QDA_3L3,Quadrupole,134.81849308850417,135.11849308850418,1.1113816983713714,5.6180078904609685,0.14294133656454017,0.05890266114256636,0.017088923103374037
QFA_3L2,Quadrupole,136.5184930885042,136.8184930885042,5.647581902149653,1.1109253945251305,0.2810486073304655,0.11679616126698064,0.008154482912432585
QDA_3L2,Quadrupole,138.2184930885042,138.51849308850421,1.1113817208709207,5.618005306866809,0.1429413375439469,0.058902661561484194,0.017088919403908553
QFA_3L1,Quadrupole,139.91849308850422,140.21849308850423,5.647639752353506,1.1109980231607204,0.28096196209295915,0.11676524244370325,0.008154716776849744
QDA_3L1,Quadrupole,141.61849308850424,141.91849308850425,1.1113816983235232,5.6180078904422075,0.14288735628099966,0.058883359710641514,0.017088923103347173
QFA_3RC,Quadrupole,143.31849308850425,143.61849308850427,5.647581901939271,1.1109253945142497,0.280874744243693,0.1167339625365373,0.008154482912397551
QDDoubDS_3R,Quadrupole,172.7834930885045,173.08349308850453,1.4730777065821308,8.519733781996184,0.0784579723114584,0.03580354558219533,0.02081293504828636
QFDoub_3R,Quadrupole,175.11439427746822,175.41439427746823,6.604760795506083,2.126524395147484,2.3090753816651008e-05,0.01750237842825866,0.010898536485092012
QDTrip_3R1,Quadrupole,178.28278986880972,178.58278986880973,3.8192230143591517,3.2477330026564784,7.373320071900627e-05,0.01356909148987602,0.013232802465594055
QFTripC_1L2,Quadrupole,179.14811636063058,179.4481163606306,10.29052383555727,1.3225536714312989,0.00012176335557230206,0.021631967231632274,0.008806250010487123
QDTrip_1L1,Quadrupole,180.01344285245145,180.31344285245146,3.819223030081913,3.2480170853954413,7.373361794947488e-05,0.01356909166495589,0.013233337462165016
QDDoub_1L,Quadrupole,182.81344285245146,183.11344285245147,4.236337737642397,3.237849634347519,1.3731037878226786e-05,0.01421480493419391,0.013214175101089472
QDDS_1L,Quadrupole,185.12773963275663,185.42773963275664,2.566461254895383,6.28861795544654,0.05670931604322147,0.029802088067546997,0.01802211064996894
QDDoubDS_1L,Quadrupole,185.51273963275665,185.81273963275666,1.4730776789096445,8.523653692347846,0.07845797321234856,0.035803545852741814,0.020817492467559623
QDA_M1L8,Quadrupole,189.47773963275665,189.77773963275666,1.1358592258328928,5.592311389934097,0.14490019850852143,0.05967754828851991,0.017052085948237622
QFA_M1L7,Quadrupole,191.17773963275667,191.47773963275668,5.645883601057636,1.1109980221092985,0.28091765456494555,0.1167470200552448,0.008154716773464219
QDA_1L7,Quadrupole,192.8777396327567,193.1777396327567,1.1113817038732916,5.615511811901112,0.14294133698496073,0.05890266133735673,0.017085348555379038
QFA_1L6,Quadrupole,194.5777396327567,194.87773963275671,5.6450529697602745,1.1109253919421107,0.2809849984456277,0.11676999017930435,0.00815448290411512
QDA_1L6,Quadrupole,196.27773963275672,196.57773963275673,1.111381706245698,5.615514886990875,0.14294133825480418,0.05890266179878955,0.01708535295959771
QFA_1L5,Quadrupole,197.97773963275674,198.27773963275675,5.645110630421446,1.1109980245716933,0.2808977448937103,0.11673885349580045,0.008154716781393007
QDA_1L5,Quadrupole,199.67773963275675,199.97773963275677,1.1113817038898541,5.615511811871128,0.14288735609087022,0.05888335965956739,0.017085348555336093
QFA_1L4,Quadrupole,201.37773963275677,201.67773963275678,5.645052970081094,1.1109253919432847,0.28081117167583747,0.11670780444181399,0.008154482904118899
QDA_1L4,Quadrupole,203.0777396327568,203.3777396327568,1.111381706255045,5.615514887011865,0.14288735444798353,0.058883359079031736,0.017085352959627768
QFA_1L3,Quadrupole,204.7777396327568,205.07773963275682,5.6451106300646,1.1109980245703999,0.28089842505766316,0.11673909682088549,0.008154716781388842
QDA_1L3,Quadrupole,206.47773963275682,206.77773963275683,1.111381703868107,5.615511811856475,0.14294133696144026,0.05890266132879542,0.01708534855531511
QFA_1L2,Quadrupole,208.17773963275684,208.47773963275685,5.645052969819685,1.1109253919446016,0.2809849982822875,0.11676999012095039,0.00815448290412314
QDA_1L2,Quadrupole,209.87773963275686,210.17773963275687,1.1113817061714188,5.615514887035698,0.14294133814694782,0.0589026617599637,0.017085352959661904
QFA_1L1,Quadrupole,211.57773963275687,211.87773963275689,5.645110630065854,1.1109980245741895,0.2808977446714534,0.11673885341580878,0.008154716781401044
QDA_1L1,Quadrupole,213.2777396327569,213.5777396327569,1.1113817039094782,5.615511811826516,0.1428873560295622,0.05888335963769446,0.0170853485552722
XD1arc_1R1,Sextupole,1.4000000000000026,1.5000000000000027,1.5958718527628821,4.381733088188876,0.16125663419018024,0.06679662864207804,0.015208844556382623
XF1arc_1R1,Sextupole,3.100000000000008,3.200000000000008,4.3942999399103115,1.598377554090742,0.24724539799962142,0.10290483923835733,0.00958174270764223
XD2arc_1R2,Sextupole,4.800000000000014,4.900000000000014,1.5958828775340392,4.381774051923045,0.1613175613681353,0.0668184530689862,0.015208910973706451
XF2arc_1R2,Sextupole,6.5000000000000195,6.600000000000019,4.394255449586649,1.5982971411647964,0.24732715602115227,0.10293401969183631,0.009581526835078628
XD1arc_1R3,Sextupole,8.200000000000024,8.300000000000024,1.5958718524930955,4.381733088217279,0.16134120000296198,0.06682688167708623,0.015208844556428677
XF1arc_1R3,Sextupole,9.90000000000003,10.00000000000003,4.394299940107382,1.598377554089568,0.24725591258674487,0.10290860078447858,0.009581742707639077
XD2arc_1R4,Sextupole,11.600000000000037,11.700000000000037,1.5958828775662093,4.381774051933844,0.16128027287835994,0.06680511328109662,0.015208910973723962
XF2arc_1R4,Sextupole,13.300000000000043,13.400000000000043,4.394255449704954,1.598297141144343,0.24717415431165252,0.10287928402489141,0.009581526835023717
XD1arc_1R5,Sextupole,15.00000000000005,15.10000000000005,1.5958718525941091,4.381733088223436,0.16125663406317656,0.06679662859621432,0.015208844556438658
XF1arc_1R5,Sextupole,16.700000000000056,16.800000000000058,4.394299940170915,1.5983775540993175,0.2472453979006192,0.10290483920333866,0.00958174270766525
XD2arc_1R6,Sextupole,18.400000000000063,18.500000000000064,1.5958828775410496,4.381774051888496,0.16131756137041406,0.06681845306981923,0.015208910973650437
XF2arc_1R6,Sextupole,20.100000000000065,20.200000000000067,4.3942554491592265,1.5982971411562088,0.24732715620163606,0.10293401975574926,0.009581526835055573
XD1arc_1R7,Sextupole,21.80000000000007,21.900000000000073,1.5958718526704914,4.381733088251851,0.16134120011806657,0.066826881718715,0.015208844556484729
XF1arc_1R7,Sextupole,23.500000000000078,23.60000000000008,4.394299940342861,1.598377554098153,0.2472559126193241,0.10290860079649412,0.009581742707662124
XD2arc_1R8,Sextupole,25.200000000000088,25.30000000000009,1.6126946740803918,4.370236750952866,0.16213754881169076,0.06715439384764668,0.015190192466988214
XF2arc_1R,Sextupole,26.90000000000009,27.000000000000092,4.532516330205444,1.4218652758672503,0.2562096670102096,0.10632171452764932,0.00909403406167374
XF2arc_2L,Sextupole,44.959246544252046,45.05924654425205,4.53251624314563,1.4218652803604226,0.2562096671492321,0.10632171444615734,0.009094034074462538
XD2arc_2L8,Sextupole,46.65924654425205,46.75924654425205,1.6126946759257428,4.370236759230602,0.16213754881016176,0.0671543938517628,0.015190192480427151
XF1arc_2L7,Sextupole,48.35924654425205,48.45924654425205,4.394300022115667,1.5983775490235932,0.24725591259295238,0.10290860091224066,0.009581742694039386
XD1arc_2L7,Sextupole,50.059246544252055,50.159246544252056,1.5958718510499155,4.381733079971558,0.1613412000919689,0.06682688170526202,0.015208844543059288
XF2arc_2L6,Sextupole,51.75924654425206,51.85924654425206,4.394255367730862,1.5982971462190576,0.24732715609516503,0.1029340195930055,0.009581526848647218
XD2arc_2L6,Sextupole,53.45924654425206,53.55924654425206,1.5958828790371273,4.381774060186351,0.16131756118359403,0.0668184530067856,0.01520891098710429
XF1arc_2L5,Sextupole,55.15924654425206,55.259246544252065,4.394300022350032,1.5983775490301577,0.24724539767095205,0.10290483924697919,0.009581742694057007
XD1arc_2L5,Sextupole,56.859246544252066,56.95924654425207,1.5958718510555165,4.381733079947044,0.16125663410061147,0.0667966286056981,0.015208844543019542
XF2arc_2L4,Sextupole,58.55924654425207,58.65924654425207,4.394255367473323,1.5982971462135964,0.24717415446728355,0.10287928395468379,0.009581526848632557
XD2arc_2L4,Sextupole,60.25924654425207,60.35924654425207,1.5958828791120205,4.381774060207472,0.16128027291258376,0.06680511329726675,0.015208910987138533
XF1arc_2L3,Sextupole,61.959246544252075,62.059246544252076,4.394300022097082,1.5983775490149996,0.24725591263324456,0.10290860092662657,0.009581742694016314
XD1arc_2L3,Sextupole,63.65924654425208,63.75924654425208,1.5958718509249055,4.381733079936992,0.16134120001960633,0.06682688167905708,0.015208844543003242
XF2arc_2L2,Sextupole,65.35924654425209,65.45924654425208,4.394255367504066,1.598297146227648,0.24732715598305388,0.10293401955255103,0.00958152684867028
XD2arc_2L2,Sextupole,67.05924654425209,67.15924654425208,1.5958828793617177,4.381774060220917,0.16131756125148833,0.06681845303189901,0.015208910987160332
XF1arc_2L1,Sextupole,68.75924654425211,68.8592465442521,4.394300022236423,1.5983775490215972,0.2472453978628411,0.1029048393154527,0.009581742694034025
XD1arc_2L1,Sextupole,70.45924654425211,70.5592465442521,1.595871850899393,4.38173307991242,0.16125663419637729,0.0667966286395613,0.015208844542963403
XD1arc_2R1,Sextupole,73.0592465442521,73.1592465442521,1.595871839192859,4.381733047782741,0.16125663395765105,0.06679662852442066,0.01520884449086922
XF1arc_2R1,Sextupole,74.75924654425211,74.8592465442521,4.394300015608716,1.5983775410420153,0.24724539690655634,0.10290483896320023,0.009581742672612702
XD2arc_2R2,Sextupole,76.4592465442521,76.55924654425209,1.5958828908156497,4.381774092327341,0.16131756070416794,0.06681845286519329,0.01520891103921657
XF2arc_2R2,Sextupole,78.1592465442521,78.2592465442521,4.394255374738183,1.5982971542010012,0.24732715573897815,0.10293401947630837,0.009581526870075418
XD1arc_2R3,Sextupole,79.85924654425212,79.95924654425211,1.5958718393835138,4.381733047796094,0.16134120013853745,0.06682688169228622,0.015208844490890869
XF1arc_2R3,Sextupole,81.55924654425212,81.65924654425211,4.394300015259455,1.5983775410302872,0.24725591356005897,0.1029086012477229,0.00958174267258122
XD2arc_2R4,Sextupole,83.25924654425211,83.3592465442521,1.595882890832114,4.381774092339361,0.16128027349941393,0.06680511353697435,0.015208911039236057
XF2arc_2R4,Sextupole,84.95924654425211,85.0592465442521,4.394255374554587,1.598297154194263,0.24717415477437238,0.10287928407538373,0.009581526870057328
XD1arc_2R5,Sextupole,86.65924654425213,86.75924654425212,1.5958718392942282,4.381733047817281,0.16125663402671098,0.06679662854938402,0.015208844490925223
XF1arc_2R5,Sextupole,88.35924654425213,88.45924654425212,4.3943000157095025,1.5983775410505947,0.24724539684170857,0.10290483894015551,0.009581742672635736
XD2arc_2R6,Sextupole,90.05924654425212,90.15924654425211,1.595882890827878,4.381774092292798,0.16131756062916178,0.06681845283839123,0.015208911039160562
XF2arc_2R6,Sextupole,91.75924654425212,91.85924654425212,4.394255374224042,1.5982971541924225,0.24732715564728,0.1029340194427167,0.009581526870052388
XD1arc_2R7,Sextupole,93.45924654425214,93.55924654425213,1.5958718392246436,4.381733047830643,0.16134120009363168,0.06682688167581782,0.015208844490946886
XF1arc_2R7,Sextupole,95.15924654425214,95.25924654425214,4.394300015722354,1.5983775410388672,0.24725591355368065,0.10290860124614971,0.009581742672604254
XD2arc_2R8,Sextupole,96.85924654425214,96.95924654425214,1.6126946879437516,4.370236791288347,0.1621375494916501,0.06715439412593116,0.015190192532473022
XF2arc_2R,Sextupole,98.55924654425215,98.65924654425214,4.532516252894764,1.4218652870019406,0.25620966770180453,0.10632171465853264,0.00909403409336611
XF2arc_3L,Sextupole,116.61849308850408,116.71849308850408,4.532516286586641,1.4218652678383248,0.25620966674045637,0.10632171436539901,0.009094034038821225
XD2arc_3L8,Sextupole,118.3184930885041,118.41849308850409,1.6126946871128973,4.370236755978499,0.16213754806518613,0.06715439361352062,0.015190192475147347
XF1arc_3L7,Sextupole,120.01849308850409,120.11849308850408,4.3942999836549825,1.5983775626704682,0.24725591133611372,0.10290860040373527,0.009581742730674647
XD1arc_3L7,Sextupole,121.7184930885041,121.8184930885041,1.5958718398311103,4.3817330831255,0.16134119981300601,0.06682688157696584,0.015208844548173003
XF2arc_3L6,Sextupole,123.41849308850409,123.51849308850409,4.3942554065433175,1.5982971325733266,0.24732715627242557,0.10293401971583552,0.009581526812014102
XD2arc_3L6,Sextupole,125.11849308850411,125.2184930885041,1.5958828902652593,4.3817740569884185,0.16131756195396244,0.06681845331090347,0.015208910981919274
XF1arc_3L5,Sextupole,126.8184930885041,126.91849308850409,4.394299983278402,1.5983775626717376,0.2472453990036113,0.10290483966391965,0.009581742730678057
XD1arc_3L5,Sextupole,128.5184930885041,128.6184930885041,1.595871839916618,4.381733083108659,0.161256634288892,0.06679662864475912,0.015208844548145698
XF2arc_3L4,Sextupole,130.21849308850415,130.31849308850414,4.394255406550544,1.5982971325735573,0.24717415411690521,0.10287928388915872,0.009581526812014723
XD2arc_3L4,Sextupole,131.91849308850414,132.01849308850413,1.5958828902713116,4.381774057047716,0.16128027215748533,0.06680511305548091,0.015208910982015416
XF1arc_3L3,Sextupole,133.61849308850418,133.71849308850418,4.394299983118354,1.5983775626619143,0.24725591145543543,0.10290860044560057,0.009581742730651686
XD1arc_3L3,Sextupole,135.31849308850417,135.41849308850416,1.5958718399493579,4.381733083091053,0.16134119994835308,0.06682688162568602,0.015208844548117152
XF2arc_3L2,Sextupole,137.01849308850421,137.1184930885042,4.394255406911084,1.5982971325819384,0.24732715646293482,0.10293401978455233,0.009581526812037219
XD2arc_3L2,Sextupole,138.7184930885042,138.8184930885042,1.5958828902463578,4.381774057023115,0.16131756199346553,0.06681845332498751,0.015208910981975528
XF1arc_3L1,Sextupole,140.41849308850425,140.51849308850424,4.3942999832154825,1.5983775626631815,0.24724539898181974,0.1029048396560275,0.009581742730655086
XD1arc_3L1,Sextupole,142.11849308850424,142.21849308850423,1.5958718399501264,4.381733083074084,0.16125663421507994,0.06679662861843831,0.015208844548089639
XD1arc_3R1,Sextupole,144.71849308850426,144.81849308850425,1.5958718649034156,4.3817330329813595,0.1612566334177038,0.066796628396568,0.015208844466870666
XF1arc_3R1,Sextupole,146.4184930885043,146.5184930885043,4.39429999627001,1.5983775502240396,0.24724539569754772,0.10290483850107845,0.009581742697262002
XD2arc_3R2,Sextupole,148.1184930885043,148.2184930885043,1.5958828651995223,4.3817741071303695,0.161317560151931,0.0668184526025621,0.01520891106321768
XF2arc_3R2,Sextupole,149.81849308850434,149.91849308850433,4.394255393835891,1.5982971450330747,0.2473271560736033,0.10293401962525464,0.009581526845463345
XD1arc_3R3,Sextupole,151.51849308850433,151.61849308850432,1.5958718650422055,4.3817330330168405,0.16134120068165814,0.06682688195176446,0.015208844466928193
XF1arc_3R3,Sextupole,153.21849308850437,153.31849308850437,4.394299996152274,1.5983775502193482,0.2472559147833994,0.1029086016561174,0.009581742697249408
XD2arc_3R4,Sextupole,154.91849308850436,155.01849308850436,1.595882865228017,4.381774107140973,0.1612802740741994,0.06680511367756088,0.015208911063234874
XF2arc_3R4,Sextupole,156.6184930885044,156.7184930885044,4.394255393563193,1.5982971450147894,0.2471741544659781,0.10287928399415633,0.009581526845414256
XD1arc_3R5,Sextupole,158.3184930885044,158.4184930885044,1.5958718650979833,4.381733033015916,0.16125663352769523,0.06679662843641118,0.015208844466926694
XF1arc_3R5,Sextupole,160.01849308850444,160.11849308850444,4.394299996331837,1.5983775502326225,0.2472453956213378,0.10290483847390934,0.009581742697285043
XD2arc_3R6,Sextupole,161.71849308850443,161.81849308850443,1.5958828651451238,4.381774107095809,0.1613175600613447,0.06681845257001709,0.015208911063161645
XF2arc_3R6,Sextupole,163.41849308850448,163.51849308850447,4.394255393082236,1.598297145024487,0.2473271559014095,0.10293401956249937,0.00958152684544029
XD1arc_3R7,Sextupole,165.11849308850447,165.21849308850446,1.5958718650633752,4.3817330330514,0.16134120060678292,0.06682688192503196,0.015208844466984228
XF1arc_3R7,Sextupole,166.8184930885045,166.9184930885045,4.394299996742141,1.5983775502279332,0.24725591483778397,0.10290860167647622,0.009581742697272456
XD2arc_3R8,Sextupole,168.5184930885045,168.6184930885045,1.6126946618110587,4.370236805956011,0.1621375501215206,0.06715439428522826,0.01519019255628603
XF2arc_3R,Sextupole,170.21849308850454,170.31849308850454,4.532516267818748,1.4218652781918295,0.2562096674412266,0.10632171458780723,0.009094034068290128
XF2arc_1L,Sextupole,188.27773963275664,188.37773963275663,4.532516343043562,1.4218652744834552,0.25620966521647986,0.10632171390530176,0.009094034057735081
XD2arc_1L8,Sextupole,189.97773963275668,190.07773963275667,1.6126946601439867,4.370236799121335,0.16213754749266102,0.06715439334055306,0.015190192545189909
XF1arc_1L7,Sextupole,191.6777396327567,191.7777396327567,4.394299925685836,1.5983775544084995,0.24725591105861974,0.10290860021572171,0.009581742708495256
XD1arc_1L7,Sextupole,193.3777396327567,193.47773963275668,1.5958718666386358,4.381733039875017,0.16134120061128732,0.06682688193064493,0.01520884447804785
XF2arc_1L6,Sextupole,195.07773963275673,195.17773963275673,4.39425546377807,1.5982971408336384,0.2473271579236845,0.10293402039418348,0.009581526834189606
XD2arc_1L6,Sextupole,196.77773963275675,196.87773963275674,1.5958828635512223,4.3817741002905874,0.16131756257938099,0.06681845346678425,0.015208911052127898
XF1arc_1L5,Sextupole,198.47773963275674,198.57773963275673,4.394299926396592,1.5983775544168273,0.24724539934636092,0.10290483969945996,0.00958174270851761
XD1arc_1L5,Sextupole,200.17773963275675,200.27773963275675,1.5958718665570086,4.381733039845134,0.16125663364177487,0.06679662848092893,0.0152088444779994
XF2arc_1L4,Sextupole,201.8777396327568,201.9777396327568,4.394255464049201,1.598297140830954,0.2471741527590097,0.10287928349139933,0.0095815268341824
XD2arc_1L4,Sextupole,203.57773963275682,203.6777396327568,1.5958828635481916,4.381774100309925,0.1612802716542913,0.06680511280758258,0.015208911052159251
XF1arc_1L3,Sextupole,205.2777396327568,205.3777396327568,4.394299926153099,1.5983775543998666,0.2472559111767266,0.1029086002586892,0.00958174270847208
XD1arc_1L3,Sextupole,206.97773963275682,207.07773963275682,1.595871866535076,4.381733039840451,0.1613412005580455,0.06682688191133485,0.015208844477991808
XF2arc_1L2,Sextupole,208.67773963275687,208.77773963275686,4.394255463801336,1.598297140842217,0.2473271577733862,0.10293402034045054,0.009581526834212636
XD2arc_1L2,Sextupole,210.37773963275689,210.47773963275688,1.5958828634747408,4.381774100325159,0.16131756244437642,0.0668184534182927,0.01520891105218395
XF1arc_1L1,Sextupole,212.07773963275687,212.17773963275687,4.394299926157588,1.598377554408244,0.24724539915724733,0.10290483963143954,0.00958174270849457
XD1arc_1L1,Sextupole,213.7777396327569,213.87773963275689,1.5958718665788807,4.38173303981057,0.16125663362325943,0.06679662847436067,0.015208844477943358
