scale,seed,ok,delta_max,inj_survival,qx,qy,orbit_rms_x,orbit_rms_y,DA_ratio_min,DA_x_pos,DA_x_neg,DA_y,DA_boundary,MA_pos,MA_neg,runtime_s
0.0,1000,True,0.3577454611780131,0.3765,15.413889721763066,15.374250785808675,0.0001807636498196793,0.00017821356402714247,0.6363961030678927,1.2,1.0999999999999999,0.9999999999999999,"[1.2, 1.2, 1.2, 0.9999999999999999, 0.9999999999999999, 0.9999999999999999, 0.9999999999999999, 0.8999999999999999, 0.8999999999999999, 0.8999999999999999, 0.9999999999999999, 1.0999999999999999, 1.0999999999999999]",0.04,-0.04,123.37401151657104
0.0,1001,True,0.3577454611780131,0.512,15.363912671738062,15.342835782686185,0.0001802833152826777,0.00018783394410005087,0.7778174593052023,1.3,1.3,0.9999999999999999,"[1.3, 1.3, 1.0999999999999999, 1.0999999999999999, 1.0999999999999999, 1.0999999999999999, 0.9999999999999999, 0.9999999999999999, 0.9999999999999999, 1.0999999999999999, 1.0999999999999999, 0.9999999999999999, 1.3]",0.04,-0.04,146.11655831336975
0.0,1002,True,0.3577454611780131,0.462,15.407210968787119,15.34696724616063,0.00017523409046271547,0.0001910136512836739,0.7071067811865475,1.2,1.2,0.9999999999999999,"[1.2, 1.2, 1.0999999999999999, 0.9999999999999999, 0.8999999999999999, 1.0999999999999999, 0.9999999999999999, 0.9999999999999999, 0.9999999999999999, 0.9999999999999999, 1.0999999999999999, 1.0999999999999999, 1.2]",0.04,-0.04,138.03210854530334
0.0,1003,True,0.3577454611780131,0.4035,15.406209763794985,15.345356287740099,0.00018703712653189567,0.0001855207139291636,0.7071067811865475,1.0999999999999999,1.0999999999999999,0.9999999999999999,"[1.0999999999999999, 1.0999999999999999, 0.9999999999999999, 0.9999999999999999, 0.9999999999999999, 0.9999999999999999, 0.9999999999999999, 0.9999999999999999, 0.8999999999999999, 0.9999999999999999, 0.9999999999999999, 0.9999999999999999, 1.0999999999999999]",0.04,-0.04,126.47098064422607
0.0,1004,True,0.3577454611780131,0.4335,15.441355989102991,15.38626972541386,0.00017887345304994673,0.00019987947731410055,0.6363961030678927,1.0999999999999999,1.0999999999999999,0.8999999999999999,"[1.0999999999999999, 1.0999999999999999, 0.9999999999999999, 0.8999999999999999, 0.9999999999999999, 0.8999999999999999, 0.8999999999999999, 0.8999999999999999, 0.8999999999999999, 0.9999999999999999, 0.8999999999999999, 0.9999999999999999, 1.0999999999999999]",0.04,-0.04,130.18418955802917
0.0,1005,True,0.3577454611780131,0.4555,15.41650791992394,15.382008150497441,0.00019476937368213858,0.00019896890769131436,0.6363961030678927,1.5,1.5,0.9999999999999999,"[1.5, 1.2, 1.0999999999999999, 0.8999999999999999, 0.9999999999999999, 0.9999999999999999, 0.9999999999999999, 0.9999999999999999, 0.9999999999999999, 0.9999999999999999, 1.0999999999999999, 1.3, 1.5]",0.04,-0.04,138.84833812713623
0.0,1006,True,0.3577454611780131,0.4275,15.415046455276222,15.36748132463052,0.00016819665097545785,0.00018603120342071316,0.7071067811865475,1.0999999999999999,1.0999999999999999,0.9999999999999999,"[1.0999999999999999, 0.9999999999999999, 0.9999999999999999, 0.9999999999999999, 0.9999999999999999, 0.9999999999999999, 0.9999999999999999, 0.9999999999999999, 0.9999999999999999, 0.9999999999999999, 1.0999999999999999, 1.0999999999999999, 1.0999999999999999]",0.04,-0.04,134.39755702018738
0.0,1007,True,0.3577454611780131,0.4625,15.429199169007141,15.384818030754857,0.00018592638422834385,0.00019463618140835214,0.6363961030678927,1.2,1.0999999999999999,0.8999999999999999,"[1.2, 1.2, 0.9999999999999999, 0.8999999999999999, 0.9999999999999999, 0.8999999999999999, 0.8999999999999999, 0.8999999999999999, 0.8999999999999999, 0.8999999999999999, 1.0999999999999999, 0.9999999999999999, 1.0999999999999999]",0.04,-0.04,138.0021812915802
0.0,1008,True,0.3577454611780131,0.4865,15.422568543666651,15.374679554605644,0.0001636330486018325,0.00020026202960695034,0.7071067811865475,1.3,1.3,0.9999999999999999,"[1.3, 1.2, 1.0999999999999999, 0.9999999999999999, 0.9999999999999999, 0.9999999999999999, 0.9999999999999999, 0.9999999999999999, 0.9999999999999999, 0.9999999999999999, 1.0999999999999999, 1.3, 1.3]",0.04,-0.04,139.9122405052185
0.0,1009,True,0.3577454611780131,0.4415,15.414720098290513,15.392509282602038,0.0001847973840198851,0.0002180719320958068,0.7071067811865475,1.0999999999999999,1.0999999999999999,0.8999999999999999,"[1.0999999999999999, 1.0999999999999999, 0.8999999999999999, 0.9999999999999999, 0.9999999999999999, 0.9999999999999999, 0.8999999999999999, 0.8999999999999999, 0.8999999999999999, 0.9999999999999999, 0.9999999999999999, 0.9999999999999999, 1.0999999999999999]",0.04,-0.04,131.50133395195007
1.0,1000,True,0.3577454611780131,0.2825,15.41343324671357,15.3737933978967,0.00018069961930204783,0.00017820456675210884,0.6363961030678927,1.3,1.2,0.9999999999999999,"[1.3, 1.4, 1.0999999999999999, 0.9999999999999999, 0.9999999999999999, 1.0999999999999999, 0.9999999999999999, 0.8999999999999999, 0.8999999999999999, 0.8999999999999999, 0.9999999999999999, 1.2, 1.2]",0.04,-0.04,111.48490905761719
1.0,1001,True,0.3577454611780131,0.482,15.347408827435855,15.324468574841642,0.00019792522399849816,0.0001859181383657801,0.7071067811865475,1.3,1.2,0.9999999999999999,"[1.3, 1.5, 0.9999999999999999, 0.9999999999999999, 0.9999999999999999, 1.0999999999999999, 0.9999999999999999, 0.9999999999999999, 0.9999999999999999, 0.9999999999999999, 0.9999999999999999, 1.0999999999999999, 1.2]",0.04,-0.04,141.15925431251526
1.0,1002,True,0.3577454611780131,0.428,15.407195617785366,15.346768830985912,0.00017527027478761873,0.00019101448770026484,0.7071067811865475,1.3,1.3,0.9999999999999999,"[1.3, 1.3, 1.0999999999999999, 0.9999999999999999, 0.9999999999999999, 0.9999999999999999, 0.9999999999999999, 0.9999999999999999, 0.9999999999999999, 0.9999999999999999, 1.0999999999999999, 1.2, 1.3]",0.04,-0.04,133.8979411125183
1.0,1003,True,0.3577454611780131,0.342,15.40583608468082,15.34512816516365,0.00018714314499036256,0.00018552000604297282,0.7071067811865475,1.2,1.2,0.9999999999999999,"[1.2, 1.2, 1.0999999999999999, 1.0999999999999999, 0.9999999999999999, 0.9999999999999999, 0.9999999999999999, 0.9999999999999999, 0.8999999999999999, 0.9999999999999999, 0.9999999999999999, 1.0999999999999999, 1.2]",0.04,-0.04,119.34483766555786
1.0,1004,True,0.3577454611780131,0.3865,15.441362774608004,15.386240714956655,0.00017878258177559634,0.00019985740029720866,0.6363961030678927,1.2,1.2,0.8999999999999999,"[1.2, 1.0999999999999999, 0.9999999999999999, 0.8999999999999999, 0.8999999999999999, 0.8999999999999999, 0.8999999999999999, 0.8999999999999999, 0.8999999999999999, 0.9999999999999999, 0.8999999999999999, 1.0999999999999999, 1.2]",0.04,-0.04,124.1636164188385
1.0,1005,True,0.3577454611780131,0.419,15.416570424235324,15.381632463404156,0.00019476465229466335,0.000198981245220923,0.6363961030678927,1.5999999999999999,1.5,0.8999999999999999,"[1.5999999999999999, 1.3, 1.0999999999999999, 0.9999999999999999, 0.8999999999999999, 0.8999999999999999, 0.8999999999999999, 0.9999999999999999, 0.9999999999999999, 0.8999999999999999, 1.0999999999999999, 1.3, 1.5]",0.04,-0.04,135.29899191856384
1.0,1006,True,0.3577454611780131,0.415,15.41441593373819,15.366628129169806,0.00016823258343745648,0.00018602925449391522,0.7071067811865475,1.3,1.2,0.9999999999999999,"[1.3, 1.0999999999999999, 1.0999999999999999, 0.9999999999999999, 0.9999999999999999, 0.9999999999999999, 0.9999999999999999, 0.9999999999999999, 0.9999999999999999, 0.9999999999999999, 1.0999999999999999, 1.2, 1.2]",0.04,-0.04,132.4419994354248
1.0,1007,True,0.3577454611780131,0.3755,15.429016543062916,15.38399910877775,0.00018593303069548372,0.00019463784868159185,0.6363961030678927,1.3,1.2,0.8999999999999999,"[1.3, 1.2, 1.0999999999999999, 0.8999999999999999, 0.8999999999999999, 0.8999999999999999, 0.8999999999999999, 0.8999999999999999, 0.8999999999999999, 0.9999999999999999, 1.0999999999999999, 1.0999999999999999, 1.2]",0.04,-0.04,125.63093423843384
1.0,1008,True,0.3577454611780131,0.453,15.421749824096622,15.374063293582841,0.00016374568921309894,0.00020024756607227951,0.7071067811865475,1.5,1.4,0.8999999999999999,"[1.5, 1.2, 1.0999999999999999, 0.9999999999999999, 0.9999999999999999, 0.8999999999999999, 0.8999999999999999, 0.9999999999999999, 0.9999999999999999, 0.9999999999999999, 1.2, 1.4, 1.4]",0.04,-0.04,135.43072080612183
1.0,1009,True,0.3577454611780131,0.376,15.413382066447324,15.3910342349071,0.00018369780513224974,0.00021767098722117706,0.7071067811865475,1.2,1.2,0.8999999999999999,"[1.2, 1.2, 0.8999999999999999, 0.9999999999999999, 0.9999999999999999, 0.9999999999999999, 0.8999999999999999, 0.8999999999999999, 0.8999999999999999, 0.9999999999999999, 0.8999999999999999, 0.9999999999999999, 1.2]",0.04,-0.04,124.55769443511963
2.0,1000,True,0.3577454611780131,0.2505,15.412983826861689,15.373344511986593,0.0001806432190236922,0.00017819843374284935,0.6363961030678927,1.4,1.3,0.9999999999999999,"[1.4, 1.4, 1.0999999999999999, 0.8999999999999999, 0.9999999999999999, 0.9999999999999999, 0.9999999999999999, 0.8999999999999999, 0.8999999999999999, 0.9999999999999999, 1.0999999999999999, 1.2, 1.3]",0.038,-0.04,107.1595687866211
2.0,1001,True,0.3577454611780131,0.398,15.345985738939962,15.322857538318734,0.00020282452486276137,0.00018616264052555309,0.7071067811865475,1.3,1.0999999999999999,1.0999999999999999,"[1.3, 1.3, 1.0999999999999999, 0.9999999999999999, 0.9999999999999999, 1.0999999999999999, 1.0999999999999999, 0.9999999999999999, 0.8999999999999999, 0.9999999999999999, 0.9999999999999999, 1.0999999999999999, 1.0999999999999999]",0.04,-0.04,125.95515847206116
2.0,1002,True,0.3577454611780131,0.3905,15.407181492541353,15.346571406789165,0.0001753084068573978,0.00019101498950682325,0.7071067811865475,1.5,1.3,0.9999999999999999,"[1.5, 1.4, 1.0999999999999999, 0.9999999999999999, 0.9999999999999999, 0.9999999999999999, 0.9999999999999999, 0.9999999999999999, 0.9999999999999999, 1.0999999999999999, 1.0999999999999999, 1.3, 1.3]",0.04,-0.04,128.89073824882507
2.0,1003,True,0.3577454611780131,0.2335,15.405459776283676,15.344894169089331,0.0001872601220364818,0.00018551906223053635,0.7071067811865475,1.4,1.2,0.9999999999999999,"[1.4, 1.2, 1.2, 0.9999999999999999, 0.9999999999999999, 0.9999999999999999, 0.9999999999999999, 0.9999999999999999, 0.8999999999999999, 0.9999999999999999, 1.0999999999999999, 1.2, 1.2]",0.03200000000000001,-0.03,104.06217169761658
2.0,1004,True,0.3577454611780131,0.303,15.44137120177201,15.38620455848979,0.00017868088017269725,0.00019983772588993946,0.6363961030678927,1.3,1.3,0.8999999999999999,"[1.3, 1.3, 0.9999999999999999, 0.8999999999999999, 0.9999999999999999, 0.9999999999999999, 0.8999999999999999, 0.8999999999999999, 0.8999999999999999, 0.9999999999999999, 0.9999999999999999, 1.0999999999999999, 1.3]",0.04,-0.04,111.69152212142944
2.0,1005,True,0.3577454611780131,0.3635,15.416631397042194,15.381253239135631,0.00019475961070277928,0.00019899312019016062,0.6363961030678927,1.5999999999999999,1.5,0.7999999999999999,"[1.5999999999999999, 1.4, 1.2, 1.0999999999999999, 0.9999999999999999, 0.8999999999999999, 0.7999999999999999, 0.9999999999999999, 0.9999999999999999, 0.8999999999999999, 1.0999999999999999, 1.4, 1.5]",0.04,-0.04,126.19378232955933
2.0,1006,True,0.3577454611780131,0.3905,15.413787933111534,15.365767057745316,0.000168274203758076,0.00018603006107342822,0.7071067811865475,1.4,1.3,0.9999999999999999,"[1.4, 1.3, 1.2, 0.9999999999999999, 0.9999999999999999, 0.9999999999999999, 0.9999999999999999, 0.9999999999999999, 0.8999999999999999, 0.9999999999999999, 1.0999999999999999, 1.2, 1.3]",0.04,-0.04,128.72205471992493
2.0,1007,True,0.3577454611780131,0.288,15.428843736532054,15.383189401529217,0.0001859446410865303,0.00019463950783221444,0.7071067811865475,1.4,1.3,0.8999999999999999,"[1.4, 1.3, 1.0999999999999999, 0.9999999999999999, 0.8999999999999999, 0.8999999999999999, 0.8999999999999999, 0.8999999999999999, 0.8999999999999999, 0.9999999999999999, 1.0999999999999999, 1.2, 1.3]",0.038,-0.04,112.64709639549255
2.0,1008,True,0.3577454611780131,0.391,15.420971349725514,15.37348854718165,0.00016383063334182073,0.00020022607113232447,0.6363961030678927,1.5999999999999999,1.5,0.8999999999999999,"[1.5999999999999999, 1.4, 1.2, 0.8999999999999999, 0.8999999999999999, 0.8999999999999999, 0.8999999999999999, 0.8999999999999999, 0.8999999999999999, 0.9999999999999999, 1.2, 1.4, 1.5]",0.04,-0.04,126.67271709442139
2.0,1009,True,0.3577454611780131,0.3365,15.412098574945308,15.38962012103632,0.0001827933024205743,0.0002173910990955631,0.6363961030678927,1.2,1.0999999999999999,0.8999999999999999,"[1.2, 1.0999999999999999, 0.9999999999999999, 0.9999999999999999, 0.9999999999999999, 0.9999999999999999, 0.8999999999999999, 0.8999999999999999, 0.8999999999999999, 0.8999999999999999, 0.8999999999999999, 0.9999999999999999, 1.0999999999999999]",0.04,-0.04,122.97704362869263
5.0,1000,True,0.3577454611780131,0.1285,15.411667449492612,15.372031000893188,0.00018050027317414446,0.00017818704760498097,0.6363961030678927,1.2,0.9999999999999999,0.8999999999999999,"[1.2, 1.0999999999999999, 1.0999999999999999, 0.8999999999999999, 0.9999999999999999, 0.9999999999999999, 0.8999999999999999, 0.8999999999999999, 0.8999999999999999, 0.9999999999999999, 0.8999999999999999, 0.9999999999999999, 0.9999999999999999]",0.018000000000000002,-0.018000000000000002,80.9266984462738
5.0,1001,True,0.3577454611780131,0.296,15.299728575380763,15.270550633874635,0.00026931786988006125,0.00020037180429900256,0.4949747468305833,0.7999999999999999,0.7999999999999999,0.7999999999999999,"[0.7999999999999999, 0.8999999999999999, 0.7999999999999999, 0.7999999999999999, 0.7999999999999999, 0.7999999999999999, 0.7999999999999999, 0.7, 0.7999999999999999, 0.7, 0.7999999999999999, 0.6, 0.7999999999999999]",0.036,-0.024,105.74324989318848
5.0,1002,True,0.3577454611780131,0.166,15.40714582402882,15.34598428569659,0.00017543594774941385,0.00019101492177837058,0.565685424949238,0.8999999999999999,0.8999999999999999,0.9999999999999999,"[0.8999999999999999, 0.9999999999999999, 0.7999999999999999, 0.9999999999999999, 0.8999999999999999, 0.8999999999999999, 0.9999999999999999, 0.9999999999999999, 0.8999999999999999, 0.7999999999999999, 0.7999999999999999, 0.8999999999999999, 0.8999999999999999]",0.04,-0.038,97.35938763618469
5.0,1003,True,0.3577454611780131,0.1245,15.404317089745982,15.344158391275435,0.0001876809548987731,0.0001855151017579893,0.6363961030678927,1.2,1.0999999999999999,0.9999999999999999,"[1.2, 1.0999999999999999, 1.0999999999999999, 0.8999999999999999, 0.9999999999999999, 0.9999999999999999, 0.9999999999999999, 0.9999999999999999, 0.9999999999999999, 0.9999999999999999, 0.8999999999999999, 0.9999999999999999, 1.0999999999999999]",0.026000000000000002,-0.022,86.59811329841614
5.0,1004,True,0.3577454611780131,0.1385,15.444450731958376,15.389544922460157,0.00017906696123342215,0.00020046363495738342,0.6363961030678927,1.2,1.0999999999999999,0.8999999999999999,"[1.2, 1.2, 1.0999999999999999, 0.9999999999999999, 0.8999999999999999, 0.8999999999999999, 0.8999999999999999, 0.7999999999999999, 0.8999999999999999, 0.8999999999999999, 0.9999999999999999, 1.0999999999999999, 1.0999999999999999]",0.022,-0.028,88.88054418563843
5.0,1005,True,0.3577454611780131,0.1955,15.416806723711609,15.380096858322444,0.00019474380669164698,0.0001990256083287591,0.6363961030678927,0.9999999999999999,0.8999999999999999,0.9999999999999999,"[0.9999999999999999, 0.8999999999999999, 0.8999999999999999, 0.8999999999999999, 0.9999999999999999, 0.8999999999999999, 0.9999999999999999, 0.9999999999999999, 0.7999999999999999, 0.9999999999999999, 0.7999999999999999, 0.7999999999999999, 0.8999999999999999]",0.033999999999999996,-0.034,98.54746127128601
5.0,1006,True,0.3577454611780131,0.2775,15.411918672921903,15.363137504136395,0.00016835373740394142,0.00018607679672205028,0.6363961030678927,1.0999999999999999,0.9999999999999999,0.9999999999999999,"[1.0999999999999999, 0.9999999999999999, 0.9999999999999999, 0.9999999999999999, 0.9999999999999999, 0.9999999999999999, 0.9999999999999999, 0.8999999999999999, 0.8999999999999999, 0.8999999999999999, 0.8999999999999999, 1.2, 0.9999999999999999]",0.04,-0.04,111.65813422203064
5.0,1007,True,0.3577454611780131,0.133,15.428377040440644,15.380808299874026,0.00018600676197707064,0.00019464420605044185,0.6928203230275508,1.0999999999999999,1.0999999999999999,0.8999999999999999,"[1.0999999999999999, 1.2, 1.0999999999999999, 0.9999999999999999, 0.7999999999999999, 0.8999999999999999, 0.8999999999999999, 0.7999999999999999, 0.8999999999999999, 0.9999999999999999, 0.9999999999999999, 1.0999999999999999, 1.0999999999999999]",0.018000000000000002,-0.02,84.12797617912292
5.0,1008,True,0.3577454611780131,0.308,15.41892598155027,15.372073816096217,0.00016368846348840428,0.00020003521927624998,0.6363961030678927,0.9999999999999999,0.8999999999999999,0.8999999999999999,"[0.9999999999999999, 1.0999999999999999, 0.9999999999999999, 0.9999999999999999, 0.8999999999999999, 0.8999999999999999, 0.8999999999999999, 0.8999999999999999, 0.8999999999999999, 0.8999999999999999, 0.9999999999999999, 0.9999999999999999, 0.8999999999999999]",0.04,-0.04,114.19307327270508
5.0,1009,True,0.3577454611780131,0.1355,15.40852071668801,15.385750761199894,0.00018098872225754808,0.0002150119697216874,0.6928203230275509,0.9999999999999999,0.9999999999999999,0.8999999999999999,"[0.9999999999999999, 0.9999999999999999, 0.8999999999999999, 0.9999999999999999, 0.8999999999999999, 0.8999999999999999, 0.8999999999999999, 0.8999999999999999, 0.7999999999999999, 0.9999999999999999, 0.9999999999999999, 0.9999999999999999, 0.9999999999999999]",0.016,-0.016,91.80364799499512
10.0,1000,True,0.3577454611780131,0.051,15.409537816904693,15.369887979837394,0.00018029425198891157,0.00017816936070408392,0.4949747468305833,0.8999999999999999,0.7999999999999999,0.9999999999999999,"[0.8999999999999999, 0.7999999999999999, 0.7, 0.7999999999999999, 0.7999999999999999, 0.8999999999999999, 0.9999999999999999, 0.8999999999999999, 0.7, 0.7, 0.9999999999999999, 0.7, 0.7999999999999999]",0.008,-0.008,64.24175000190735
10.0,1001,True,0.3577454611780131,0.1545,15.296938058356442,15.267082150124264,0.00033588819806579966,0.0004098891328117439,0.14142135623730953,0.3,0.4,0.6,"[0.3, 0.5, 0.7, 0.2, 0.5, 0.5, 0.6, 0.6, 0.6, 0.6, 0.4, 0.2, 0.4]",0.028000000000000004,-0.013999999999999999,81.35688304901123
10.0,1002,True,0.3577454611780131,0.1075,15.40710362032935,15.345017116518342,0.00017570145397719568,0.0001910114667490465,0.4242640687119285,0.7,0.7999999999999999,0.9999999999999999,"[0.7, 0.6, 0.7, 0.6, 0.7, 0.7, 0.9999999999999999, 0.8999999999999999, 0.7, 0.7, 0.5, 0.6, 0.7999999999999999]",0.026000000000000002,-0.026000000000000002,77.91011118888855
10.0,1003,True,0.3577454611780131,0.0815,15.402380005300303,15.342829705883728,0.0001886397396467886,0.0001855063247532806,0.4949747468305833,0.7999999999999999,0.7999999999999999,0.9999999999999999,"[0.7999999999999999, 0.7999999999999999, 0.7, 0.7, 0.7, 0.7999999999999999, 0.9999999999999999, 0.8999999999999999, 0.7999999999999999, 0.7, 0.7999999999999999, 0.6, 0.7999999999999999]",0.013999999999999999,-0.010000000000000002,70.20660662651062
10.0,1004,True,0.3577454611780131,0.039,15.444552523376037,15.38917095403735,0.0001790352715404197,0.00020048914782228955,0.4949747468305833,0.9999999999999999,0.8999999999999999,0.7999999999999999,"[0.9999999999999999, 1.0999999999999999, 0.7999999999999999, 0.7, 0.7, 0.7, 0.7999999999999999, 0.7, 0.7, 0.8999999999999999, 0.7999999999999999, 0.8999999999999999, 0.8999999999999999]",0.013999999999999999,-0.016,68.40546250343323
10.0,1005,True,0.3577454611780131,0.106,15.417084895134781,15.378123279139814,0.0001947236813730167,0.00019907044961718428,0.6761480784023477,0.8999999999999999,0.8999999999999999,0.8999999999999999,"[0.8999999999999999, 0.9999999999999999, 0.9999999999999999, 0.9999999999999999, 0.7999999999999999, 0.8999999999999999, 0.8999999999999999, 0.8999999999999999, 0.8999999999999999, 0.9999999999999999, 0.8999999999999999, 0.7, 0.8999999999999999]",0.019999999999999997,-0.02,78.75548553466797
10.0,1006,True,0.3577454611780131,0.1385,15.404428112365666,15.353462527061206,0.00017347640269444508,0.00018550314631226523,0.565685424949238,1.0999999999999999,0.6,0.9999999999999999,"[1.0999999999999999, 0.8999999999999999, 0.7, 0.7999999999999999, 0.9999999999999999, 0.8999999999999999, 0.9999999999999999, 0.8999999999999999, 0.7, 0.7999999999999999, 0.7, 0.7, 0.6]",0.026000000000000002,-0.024,87.29103541374207
10.0,1007,True,0.3577454611780131,0.0485,15.427734713182298,15.376962539559711,0.00018618946878455974,0.00019464887750327787,0.565685424949238,0.8999999999999999,0.8999999999999999,0.8999999999999999,"[0.8999999999999999, 0.8999999999999999, 0.8999999999999999, 0.7999999999999999, 0.7, 0.7, 0.8999999999999999, 0.8999999999999999, 0.7, 0.8999999999999999, 0.8999999999999999, 0.8999999999999999, 0.8999999999999999]",0.008,-0.008,67.16974234580994
10.0,1008,True,0.3577454611780131,0.1595,15.41478248775019,15.368744949518113,0.00016949552456287984,0.00020152201894292623,0.565685424949238,0.9999999999999999,0.8999999999999999,0.8999999999999999,"[0.9999999999999999, 0.8999999999999999, 0.9999999999999999, 0.9999999999999999, 0.7999999999999999, 0.8999999999999999, 0.8999999999999999, 0.8999999999999999, 0.7999999999999999, 0.7999999999999999, 0.9999999999999999, 0.7999999999999999, 0.8999999999999999]",0.019999999999999997,-0.026000000000000002,86.81363677978516
10.0,1009,True,0.3577454611780131,0.0745,15.407343488301718,15.384454674272057,0.00017881275051309452,0.0002154934641570784,0.565685424949238,0.8999999999999999,0.9999999999999999,0.7999999999999999,"[0.8999999999999999, 0.8999999999999999, 0.9999999999999999, 0.7999999999999999, 0.9999999999999999, 0.6, 0.7999999999999999, 0.7999999999999999, 0.8999999999999999, 0.9999999999999999, 0.9999999999999999, 0.9999999999999999, 0.9999999999999999]",0.012000000000000004,-0.012,74.13444328308105
20.0,1000,True,0.3577454611780131,0.023,15.405363341338896,15.365566129353077,0.00017989420030441102,0.0001780951582348786,0.3535533905932738,0.6,0.4,0.8999999999999999,"[0.6, 0.6, 0.5, 0.5, 0.6, 0.5, 0.8999999999999999, 0.5, 0.5, 0.5, 0.6, 0.5, 0.4]",0.008,-0.003999999999999997,57.31126618385315
20.0,1001,True,0.3577454611780131,0.038,15.334123199075108,15.312151153610863,0.0006901367132136258,0.0008900718553399487,0.14142135623730953,0.4,0.2,0.2,"[0.4, 0.4, 0.3, 0.3, 0.4, 0.3, 0.2, 0.3, 0.3, 0.2, 0.3, 0.2, 0.2]",0.013999999999999999,-0.005999999999999998,59.39655542373657
20.0,1002,True,0.3577454611780131,0.0475,15.40701948743293,15.343057966786017,0.00017651091449174286,0.00019099500057359942,0.3464101615137754,0.5,0.5,0.7999999999999999,"[0.5, 0.5, 0.5, 0.5, 0.5, 0.6, 0.7999999999999999, 0.7999999999999999, 0.6, 0.5, 0.4, 0.6, 0.5]",0.018000000000000002,-0.013999999999999999,67.49828577041626
20.0,1003,True,0.3577454611780131,0.038,15.39849310907945,15.33988057604988,0.000191683279028718,0.0001854914345204301,0.3535533905932738,0.6,0.6,0.9999999999999999,"[0.6, 0.6, 0.6, 0.5, 0.5, 0.6, 0.9999999999999999, 0.7, 0.6, 0.6, 0.6, 0.6, 0.6]",0.008,-0.003999999999999997,60.31792616844177
20.0,1004,True,0.3577454611780131,0.0125,15.44478966831728,15.387797269738584,0.0001790527942446401,0.000200512124573992,0.4949747468305833,0.7999999999999999,0.7999999999999999,0.6,"[0.7999999999999999, 0.7, 0.7, 0.7, 0.7, 0.6, 0.6, 0.6, 0.6, 0.7, 0.6, 0.7999999999999999, 0.7999999999999999]",0.003999999999999997,-0.008,58.55884790420532
20.0,1005,True,0.3577454611780131,0.0455,15.417677365521175,15.374113174677413,0.0001947415515630756,0.00019918344187141638,0.3535533905932738,0.4,0.5,0.7999999999999999,"[0.4, 0.6, 0.7, 0.5, 0.7, 0.7999999999999999, 0.7999999999999999, 0.6, 0.7, 0.7, 0.5, 0.6, 0.5]",0.013999999999999999,-0.012,65.03501081466675
20.0,1006,True,0.3577454611780131,0.0015,15.448046836134274,15.371819185277705,0.0015833225736442374,0.0017123636115471475,0.3535533905932738,0.6,0.6,0.5,"[0.6, 0.7, 0.7, 0.6, 0.6, 0.4, 0.5, 0.4, 0.5, 0.5, 0.6, 0.7, 0.6]",0.0020000000000000018,-0.0020000000000000018,45.76860237121582
20.0,1007,True,0.3577454611780131,0.01,15.426853927973843,15.369628543507202,0.00018668348138278545,0.00019464360553542084,0.4242640687119285,0.7,0.6,0.7999999999999999,"[0.7, 0.5, 0.6, 0.6, 0.6, 0.6, 0.7999999999999999, 0.7, 0.7, 0.6, 0.7, 0.6, 0.6]",0.005999999999999998,-0.008,58.83925437927246
20.0,1008,True,0.3577454611780131,0.033,15.453175141567403,15.416511259815659,0.0003132066968601391,0.00020174586736166513,0.2897777478867205,0.6,0.7,0.5,"[0.6, 0.6, 0.7, 0.5, 0.5, 0.5, 0.5, 0.3, 0.5, 0.5, 0.6, 0.7999999999999999, 0.7]",0.016,-0.013999999999999999,67.20064616203308
20.0,1009,True,0.3577454611780131,0.03,15.407976998827635,15.384995662589224,0.00018002002307028326,0.00021468313702541634,0.4949747468305833,0.6,0.7,0.5,"[0.6, 0.6, 0.6, 0.7, 0.7999999999999999, 0.7, 0.5, 0.7, 0.6, 0.7, 0.7999999999999999, 0.7999999999999999, 0.7]",0.005999999999999998,-0.005999999999999998,64.23635149002075
