Magnet type,Kind,N,L [m],Strength,sigma x/y max [mm],Chamber x/y [mm],Fits x/y [sigma],Fits x/y [eps],R_pole [mm],B_pole [T],NI/pole [kA-turns],Flag,Examples
QFA,Quadrupole,39,0.300,k1 = +2.9475 1/m2,14.50 / 1.15,48.5 / 8.5,3.34 / 7.35,11.2 / 54.0,48.5,1.364,26.31,ABOVE LIMIT,"QFA_1RC, QFA_1R1, ..."
Bend1,Bend,48,0.400,h = 0.1540 1/m,10.86 / 2.04,37.6 / 11.1,3.46 / 5.45,12.0 / 29.7,11.1,1.469,13.00,,"Bend1_1R1, Bend1_1R2, ..."
XD1arc,Sextupole,24,0.100,k2 = -122.80 1/m3,8.29 / 2.29,29.9 / 11.9,3.60 / 5.19,13.0 / 26.9,29.9,0.523,4.15,,"XD1arc_1R1, XD1arc_1R3, ..."
QDA,Quadrupole,42,0.300,k1 = -2.9217 1/m2,7.33 / 2.59,27.0 / 12.8,3.68 / 4.93,13.6 / 24.3,27.0,0.753,8.09,,"QDA_1R1, QDA_1R2, ..."
Bend2,Bend,48,0.400,h = 0.1540 1/m,10.86 / 2.19,37.6 / 11.6,3.46 / 5.29,12.0 / 27.9,11.6,1.469,13.52,,"Bend2_1R1, Bend2_1R2, ..."
XF1arc,Sextupole,24,0.100,k2 = +85.10 1/m3,12.75 / 1.38,43.3 / 9.1,3.39 / 6.62,11.5 / 43.9,43.3,0.760,8.72,,"XF1arc_1R1, XF1arc_1R3, ..."
XD2arc,Sextupole,24,0.100,k2 = -122.80 1/m3,8.29 / 2.37,29.9 / 12.1,3.60 / 5.11,13.0 / 26.1,29.9,0.523,4.15,,"XD2arc_1R2, XD2arc_1R4, ..."
XF2arc,Sextupole,24,0.100,k2 = +85.10 1/m3,12.75 / 1.69,43.3 / 10.1,3.39 / 5.97,11.5 / 35.6,43.3,0.760,8.72,,"XF2arc_1R2, XF2arc_1R4, ..."
QFA_M,Quadrupole,6,0.300,k1 = +3.1959 1/m2,14.46 / 1.16,48.4 / 8.5,3.35 / 7.30,11.2 / 53.3,48.4,1.476,28.41,ABOVE LIMIT,"QFA_M1R7, QFA_M2L7, ..."
QDA_M,Quadrupole,6,0.300,k1 = -2.6254 1/m2,5.77 / 2.70,22.3 / 13.1,3.87 / 4.85,15.0 / 23.5,22.3,0.559,4.96,,"QDA_M1R8, QDA_M2L8, ..."
QFDS,Quadrupole,6,0.300,k1 = +2.4697 1/m2,8.22 / 1.47,29.7 / 9.4,3.61 / 6.40,13.0 / 41.0,29.7,0.699,8.26,,"QFDS_1R, QFDS_2L, ..."
QDDoubDS,Quadrupole,6,0.300,k1 = -4.2334 1/m2,3.33 / 3.02,15.0 / 14.1,4.50 / 4.65,20.2 / 21.7,15.0,0.606,3.62,,"QDDoubDS_1R, QDDoubDS_2L, ..."
QDDS,Quadrupole,6,0.300,k1 = +5.2813 1/m2,3.63 / 2.46,15.9 / 12.4,4.38 / 5.04,19.2 / 25.4,15.9,0.800,5.06,,"QDDS_1R, QDDS_2L, ..."
BendDS,Bend,6,0.400,h = 0.1540 1/m,1.78 / 2.87,10.3 / 13.6,5.81 / 4.74,33.7 / 22.5,13.6,1.469,15.93,,"BendDS_1R, BendDS_2L, ..."
QDDoub,Quadrupole,6,0.300,k1 = -3.3072 1/m2,1.58 / 3.48,9.7 / 15.4,6.17 / 4.44,38.1 / 19.7,15.4,0.488,3.00,,"QDDoub_1R, QDDoub_2L, ..."
QFDoub,Quadrupole,6,0.300,k1 = +3.1719 1/m2,2.74 / 2.56,13.2 / 12.7,4.83 / 4.95,23.3 / 24.5,13.2,0.400,2.10,,"QFDoub_1R, QFDoub_2L, ..."
QFTrip,Quadrupole,6,0.300,k1 = +1.8072 1/m2,3.95 / 2.22,16.9 / 11.7,4.27 / 5.25,18.2 / 27.6,16.9,0.291,1.95,,"QFTrip_1R1, QFTrip_2L1, ..."
QDTripC,Quadrupole,3,0.300,k1 = -3.2865 1/m2,3.16 / 2.87,14.5 / 13.6,4.58 / 4.74,21.0 / 22.5,14.5,0.454,2.61,,"QDTripC_2L2, QDTripC_3L2, ..."
